time;ax (m/s^2);ay (m/s^2);az (m/s^2);aT (m/s^2)
0,002959;0,0702;0,0565;-0,7610;0,766
0,004122;0,7878;0,2442;-0,9755;1,277
0,012944;0,5088;0,3438;-0,9897;1,165
0,023030;-0,1483;0,3404;-0,3470;0,508
0,032716;-0,2674;0,3762;0,4054;0,614
0,042550;-0,1568;0,3513;0,7898;0,879
0,053352;-0,0115;0,2484;0,9469;0,979
0,063113;0,2635;0,1302;1,0290;1,070
0,072903;0,8594;0,0401;0,7352;1,132
0,082625;0,9586;0,0120;0,6583;1,163
0,092709;0,9819;-0,0925;0,8012;1,271
0,102730;0,9139;-0,1172;0,7480;1,187
0,113261;1,0476;-0,0658;0,4835;1,156
0,122627;1,0246;-0,0439;0,2303;1,051
0,132696;0,9360;-0,0256;0,0997;0,942
0,142569;0,9173;-0,0527;0,2694;0,957
0,153473;0,8359;-0,0848;0,6062;1,036
0,162917;0,7117;-0,1048;0,7937;1,071
0,172765;0,6921;-0,1007;0,9116;1,149
0,182696;0,7076;-0,0401;0,8360;1,096
0,192898;0,6866;0,0035;0,6825;0,968
0,202595;0,5937;0,0578;0,2684;0,654
0,212979;0,4810;0,0721;-0,1948;0,524
0,222958;0,3635;-0,0182;-0,8160;0,893
0,232598;0,5900;0,1001;-0,2046;0,632
0,242549;0,4773;0,2312;0,0078;0,530
0,252921;0,0493;0,2208;0,1775;0,288
0,263153;0,0042;0,1966;0,0992;0,220
0,272939;0,0522;0,1798;0,0099;0,187
0,282801;0,0335;0,1516;-0,0834;0,176
0,292733;-0,0022;0,1891;-0,0850;0,207
0,302868;-0,0713;0,1917;0,0851;0,221
0,312609;-0,0201;0,1981;0,1750;0,265
0,323730;0,0911;0,1523;0,1269;0,218
0,332830;0,0069;0,0702;-0,0021;0,071
0,342816;0,0907;0,0286;0,0011;0,095
0,352829;0,1659;-0,0499;0,0162;0,174
0,363082;0,1958;-0,0991;0,0412;0,223
0,372870;0,2412;-0,0981;0,0629;0,268
0,382732;0,2439;-0,0787;0,0769;0,268
0,392925;0,2456;-0,0772;0,0252;0,259
0,402680;0,2248;-0,0900;0,0143;0,243
0,412714;0,1721;-0,0695;-0,0490;0,192
0,422822;0,2617;-0,0138;-0,1429;0,298
0,432825;0,3331;0,0520;-0,2479;0,419
0,442736;0,2940;0,1250;-0,3423;0,468
0,452993;0,3200;0,1523;-0,4091;0,541
0,462861;0,4326;0,1634;-0,3793;0,598
0,472813;0,4355;0,1861;-0,3036;0,563
0,482728;0,3050;0,2544;-0,2997;0,498
0,492970;0,3499;0,3561;-0,2811;0,573
0,502758;0,2566;0,4197;-0,2910;0,572
0,512831;0,0063;0,4543;-0,2984;0,544
0,522681;-0,2053;0,5149;-0,2864;0,624
0,533021;-0,4413;0,6623;-0,2667;0,839
0,543046;-0,4012;0,7355;-0,2151;0,865
0,553559;-0,7219;0,8115;-0,2029;1,105
0,566160;-0,6705;0,9025;-0,6608;1,304
0,574021;-0,7745;0,8779;-0,7561;1,394
0,584129;-1,6281;1,1671;-0,6549;2,108
0,592905;-0,7455;0,8738;-0,5590;1,277
0,602997;-0,1782;0,2263;-0,7221;0,777
0,614108;-0,5569;-0,1952;-0,6700;0,893
0,623288;-0,1853;-0,6433;-0,2009;0,699
0,633918;-0,1780;-0,7794;-0,5865;0,992
0,644272;-0,2841;-0,6182;-1,3134;1,479
0,653234;0,2303;-0,6780;-2,0135;2,137
0,663039;0,2278;-0,5976;-2,0709;2,167
0,674686;0,1082;-0,3357;-1,8889;1,922
0,683311;-0,2675;-0,1980;-1,0225;1,075
0,692708;-0,5912;-0,2233;-0,2319;0,673
0,702887;-0,9664;-0,3215;0,4206;1,102
0,713019;-1,1841;-0,3659;1,0198;1,605
0,723408;-1,3844;-0,3107;1,3389;1,951
0,733569;-1,4485;-0,2717;1,4216;2,048
0,744405;-1,3094;-0,1213;1,4595;1,965
0,753055;-1,4707;0,2018;1,1570;1,882
0,763072;-1,8032;0,5055;0,6814;1,993
0,775019;-2,2026;0,8721;0,1889;2,377
0,783542;-2,8231;1,2635;-0,2439;3,103
0,793079;-3,7182;1,6045;-0,3046;4,061
0,802767;-4,3649;1,7684;-0,1517;4,712
0,813007;-4,5003;1,7290;0,1863;4,825
0,823149;-4,5589;1,7752;0,4555;4,914
0,833323;-4,4890;1,6739;0,9567;4,886
0,845071;-4,6148;1,4918;1,3221;5,027
0,854883;-4,9392;1,3792;1,6420;5,385
0,863353;-5,4994;1,2780;1,6821;5,891
0,874721;-5,9808;0,9983;2,3597;6,507
0,883374;-6,1794;0,7152;2,6460;6,760
0,893356;-6,0922;0,5040;2,3876;6,563
0,902984;-5,7441;0,6176;2,0259;6,122
0,912749;-5,1763;0,8111;1,3995;5,423
0,922905;-4,7196;0,8237;0,1082;4,792
0,933372;-4,1819;0,5967;-0,9632;4,333
0,943955;-3,6255;0,0985;-1,1226;3,797
0,954766;-3,3990;-0,5010;-0,2469;3,445
0,963263;-3,7305;-1,9935;1,7588;4,581
0,973321;-1,3168;-0,0653;2,7265;3,029
0,983437;-0,4253;-0,1587;2,4851;2,526
0,993335;-0,4748;-1,5304;3,1415;3,527
1,002868;-0,6621;-1,9449;3,5276;4,082
1,013048;-0,4351;-1,9260;3,1268;3,698
1,022921;0,2223;-1,7819;2,2683;2,893
1,033004;0,9528;-1,3893;1,5050;2,259
1,042923;1,1915;-0,8873;0,7475;1,663
1,053931;1,4840;-0,6414;-0,0338;1,617
1,063015;1,8510;-0,3545;-0,8563;2,070
1,073867;2,2032;-0,0439;-1,7631;2,822
1,083263;2,4989;0,2555;-2,4764;3,527
1,093048;2,5719;0,3539;-2,9543;3,933
1,102957;2,7841;0,4090;-3,2093;4,268
1,113008;3,0971;0,5848;-3,2936;4,559
1,123240;3,4020;0,5898;-3,2068;4,712
1,133186;3,5758;0,5267;-3,0585;4,735
1,143246;3,5297;0,4482;-2,7306;4,485
1,154980;3,3156;0,3430;-2,1078;3,944
1,171021;3,0050;0,0404;-1,5417;3,378
1,174063;3,0518;-0,3006;-0,8758;3,189
1,185280;3,5665;-0,0915;-0,1166;3,570
1,193030;3,5015;0,6406;1,5211;3,871
1,202872;2,6378;-0,3006;2,1027;3,387
1,212951;2,3955;-1,1468;3,1097;4,089
1,223090;3,4784;-0,5345;3,3596;4,865
1,232975;3,8974;-0,0126;3,5725;5,287
1,243568;2,8300;0,1796;3,2517;4,314
1,253898;2,2630;-0,5665;3,2888;4,032
1,263785;2,9408;-0,8371;3,4161;4,585
1,274286;3,3935;-0,4553;3,6151;4,979
1,283123;3,1753;-0,2599;4,0572;5,159
1,293145;3,0886;-0,5146;4,3203;5,336
1,303309;3,4510;-1,1839;4,7327;5,976
1,313293;3,8913;-1,8370;4,9372;6,549
1,322938;3,6976;-2,3314;4,6795;6,404
1,332996;2,6814;-1,9745;3,5030;4,833
1,343142;1,4223;-1,1590;1,9369;2,668
1,353099;0,3414;-0,6555;0,9859;1,232
1,369960;-0,4780;-0,3718;1,2989;1,433
1,372817;-0,9791;-0,1697;2,3828;2,582
1,390417;-1,5388;-0,0828;3,3484;3,686
1,393000;-2,3104;-0,1046;3,8345;4,478
1,402975;-3,2594;-0,0671;3,6700;4,909
1,413141;-3,9737;0,0093;3,2997;5,165
1,423146;-4,3562;0,1192;2,8513;5,208
1,433066;-4,4082;0,1419;2,3048;4,976
1,442854;-4,3085;0,0555;1,5128;4,567
1,453007;-4,7309;-0,0923;0,8195;4,802
1,466158;-5,4321;-0,3289;0,2184;5,446
1,479891;-6,1269;-0,6218;-0,7512;6,204
1,483084;-6,5179;-1,4630;-1,7636;6,909
1,493084;-6,8904;-2,0245;-2,7413;7,687
1,503063;-6,9074;-2,2412;-4,2293;8,404
1,513060;-6,9178;-2,1560;-6,2070;9,541
1,523218;-6,9452;-2,3114;-8,0165;10,856
1,533186;-6,8377;-2,4989;-9,8695;12,264
1,543798;-7,2496;-2,9094;-10,7166;13,261
1,552844;-8,1129;-3,2563;-10,4857;13,652
1,566329;-8,1813;-3,7751;-9,9692;13,438
1,584584;-8,0516;-4,2939;-8,9877;12,808
1,586722;-8,2831;-3,8574;-7,3937;11,754
1,593116;-8,2963;-2,5113;-5,8564;10,461
1,603053;-8,2324;-0,6383;-4,7888;9,545
1,613339;-8,1969;0,7345;-4,4864;9,373
1,623201;-8,0621;1,3613;-4,6594;9,411
1,633154;-7,5749;1,3020;-4,3114;8,813
1,642990;-7,2182;1,2110;-2,6353;7,779
1,653115;-7,7076;1,2779;0,2293;7,816
1,669690;-6,6900;0,7657;2,4931;7,180
1,673024;-6,6819;0,8350;6,9267;9,660
1,686580;-6,2661;1,1152;11,7906;13,399
1,693015;-5,3739;1,1422;15,4650;16,412
1,703610;-4,2169;0,9857;16,2656;16,832
1,713169;-2,7511;0,8177;15,1912;15,460
1,722943;-1,7454;1,1345;12,9513;13,118
1,733034;-0,7178;1,3228;10,3072;10,417
1,742959;0,1318;1,2439;7,7935;7,893
1,753194;0,7073;0,8400;6,0793;6,178
1,765363;1,2584;0,7042;4,8035;5,015
1,778749;1,9245;0,7023;2,8617;3,519
1,785112;2,4710;0,6433;1,0131;2,747
1,795830;2,7736;0,3218;-0,5724;2,850
1,803229;3,3083;0,1320;-1,8564;3,796
1,813111;3,9558;0,2257;-3,4622;5,262
1,823014;4,7181;0,3401;-4,2462;6,357
1,832838;5,0143;0,6046;-5,1671;7,226
1,843256;6,0889;0,1527;-6,7097;9,062
1,852940;6,0794;-0,1991;-8,6299;10,558
1,868455;6,0470;-0,5963;-10,0183;11,717
1,873416;5,6801;-0,9392;-10,5169;11,990
1,887986;5,5432;-1,3928;-10,0890;11,595
1,894812;5,2563;-1,4456;-8,9802;10,505
1,902897;4,8370;-1,3707;-7,4945;9,025
1,913275;5,1050;-1,2718;-6,0945;8,051
1,923088;5,7651;-1,1961;-5,3046;7,925
1,933643;6,3534;-1,2031;-4,7243;8,008
1,943270;6,5567;-1,2994;-3,9347;7,756
1,953105;6,2120;-1,4554;-2,2541;6,767
1,969675;6,1773;-1,7325;0,5779;6,442
1,974712;6,5412;-2,3376;5,3409;8,762
1,988300;7,2141;-2,5493;12,5096;14,664
1,996017;7,6545;-2,3964;18,4511;20,119
2,005578;6,0892;-1,9784;21,0954;22,046
2,013575;4,3112;-2,2523;21,8145;22,350
2,022937;3,0277;-2,3455;18,5465;18,938
2,033180;1,3070;-1,5539;13,8185;13,967
2,043013;-0,8318;-0,3211;8,7471;8,792
2,053204;-2,2430;0,7453;4,9105;5,450
2,065216;-3,0257;1,4114;2,8145;4,367
2,080643;-3,4183;1,4586;2,0255;4,233
2,082650;-3,5968;1,4420;2,2509;4,481
2,092942;-4,3154;1,5196;2,2074;5,080
2,104760;-5,1634;1,3499;1,3809;5,513
2,113343;-5,6077;0,7028;0,0995;5,652
2,123075;-6,1854;0,2010;-1,5809;6,387
2,133203;-6,4420;-0,4635;-3,1847;7,201
2,143433;-6,5338;-0,9632;-5,0881;8,337
2,153291;-7,0333;-1,3661;-6,7169;9,821
2,167418;-7,6491;-1,7143;-7,9854;11,190
2,173221;-8,3022;-2,0631;-9,5369;12,812
2,184185;-8,6183;-2,1954;-11,0030;14,148
2,193849;-9,4177;-2,3643;-12,3195;15,686
2,203942;-10,9416;-2,7478;-13,4144;17,528
2,213447;-11,2970;-3,4209;-13,9761;18,294
2,223836;-10,4580;-3,4507;-13,8124;17,665
2,233769;-9,8299;-3,3261;-12,1892;16,008
2,243394;-9,5449;-3,4962;-9,1371;13,668
2,253552;-9,3015;-3,3569;-3,9854;10,662
2,265421;-9,0049;-3,2834;1,4374;9,692
2,285230;-8,8572;-3,2213;6,3499;11,364
2,287429;-8,7648;-3,0063;9,6478;13,377
2,294050;-8,3556;-2,8664;10,9106;14,038
2,303338;-7,2953;-2,5561;10,6290;13,143
2,315346;-6,0601;-1,4234;9,4206;11,292
2,322947;-4,1954;-0,0782;8,8903;9,831
2,333096;-2,6824;0,4798;11,3694;11,691
2,343191;-1,4720;-0,0838;14,0693;14,146
2,353401;-0,3456;-0,2564;14,1674;14,174
2,364826;0,6625;-0,0533;12,4040;12,422
2,381811;0,9268;0,0722;11,2847;11,323
2,384062;0,3742;0,1892;11,1646;11,172
2,392993;0,5966;0,3934;10,8727;10,896
2,403435;1,5901;0,6137;9,2598;9,415
2,414219;2,4315;0,6566;7,0964;7,530
2,424904;3,4200;0,3322;4,8897;5,976
2,432949;4,4971;-0,0450;2,3821;5,089
2,443089;4,4275;-0,2691;0,1257;4,437
2,453376;3,7890;-0,7537;-3,3079;5,086
2,463015;3,9874;-1,3125;-6,2879;7,560
2,475946;4,4530;-1,5030;-8,1163;9,379
2,493751;4,5472;-1,4953;-9,8583;10,959
2,496303;4,2023;-1,5861;-11,7004;12,533
2,503162;3,9988;-1,5650;-13,1028;13,788
2,513777;3,9174;-0,9649;-13,7751;14,354
2,525985;4,2756;-0,3694;-13,9759;14,620
2,532894;3,0742;-1,0524;-14,9683;15,317
2,543060;3,0743;-1,5818;-15,4582;15,840
2,553084;4,1106;-1,9153;-14,0384;14,753
2,563258;5,0651;-2,3244;-10,0110;11,458
2,575243;6,0121;-2,8710;-5,2768;8,499
2,591750;6,9599;-3,2492;-0,8716;7,730
2,594330;7,5100;-3,5077;2,1434;8,561
2,603136;7,1001;-3,0694;1,4697;7,874
2,614558;6,0182;-1,9928;-1,4128;6,495
2,623982;3,5676;-0,3631;-3,9274;5,318
2,633456;2,1877;0,3693;-3,8925;4,480
2,642893;4,5974;-1,2346;0,5432;4,791
2,653970;6,2896;-2,3418;7,3472;9,951
2,663246;6,1424;-3,1441;14,3633;15,935
2,674768;4,4132;-3,6881;20,0566;20,865
2,692480;3,0139;-3,9446;22,6574;23,195
2,694755;1,4511;-3,0474;20,6902;20,964
2,703063;-0,3841;-1,6766;16,8146;16,902
2,713403;-2,2649;-0,2170;12,0769;12,289
2,724037;-3,0214;0,7172;7,8721;8,462
2,733860;-2,9068;1,0623;4,2273;5,239
2,742854;-2,7065;1,0058;1,5063;3,257
2,752809;-2,8823;0,5275;0,1182;2,933
2,763479;-3,2775;-0,4323;-1,0090;3,456
2,777081;-3,9285;-1,1654;-2,7307;4,924
2,783157;-4,4617;-1,6603;-4,6478;6,653
2,792899;-5,1598;-1,9749;-8,0399;9,755
2,803077;-5,9630;-2,3551;-11,3085;12,999
2,812981;-6,4771;-2,7214;-13,3129;15,053
2,823026;-7,7262;-2,4584;-15,6775;17,650
2,833563;-7,6983;-1,3952;-15,8938;17,715
2,843502;-7,5872;-1,3737;-16,6589;18,357
2,853435;-7,0180;-2,3410;-16,0895;17,709
2,862971;-7,5724;-2,8322;-13,6860;15,896
2,873006;-8,0477;-2,5656;-9,2624;12,536
2,890596;-7,5105;-2,7484;-3,6420;8,788
2,893181;-6,7275;-3,2676;1,7061;7,671
2,902811;-5,5804;-3,4740;6,1651;9,012
2,912844;-4,4677;-2,6584;8,7050;10,139
2,923280;-3,9063;-1,0964;8,4390;9,364
2,933390;-4,2997;-0,4409;5,9577;7,360
2,945403;-4,9597;-0,6185;4,0530;6,435
2,953007;-5,2664;-0,8401;4,7327;7,130
2,962906;-4,5866;-1,0218;7,3981;8,764
2,976219;-2,0782;-0,4372;9,0508;9,297
2,983107;0,1954;-0,0358;10,1647;10,167
2,992730;-0,2762;-1,5137;13,8215;13,907
3,002922;-0,7766;-3,4642;15,6697;16,067
3,012946;0,1753;-4,1940;15,5899;16,145
3,022871;1,3215;-3,6098;14,0393;14,556
3,033028;1,3326;-2,8886;11,1696;11,614
3,043249;1,0726;-2,1237;7,3003;7,678
3,052952;1,3295;-1,5944;3,2743;3,877
3,063808;2,0371;-1,3880;-0,1479;2,469
3,080682;2,9513;-1,3755;-2,3317;4,005
3,082594;3,8463;-1,8250;-3,4426;5,475
3,096290;4,5217;-2,4261;-3,1231;6,007
3,108893;4,2661;-2,4682;-4,8751;6,932
3,120511;4,3440;-2,5219;-6,5501;8,254
3,122735;4,0245;-2,0910;-8,2224;9,390
3,133203;3,2837;-1,7896;-9,9524;10,632
3,152293;2,7896;-1,8368;-11,0360;11,530
3,155282;2,3812;-1,8340;-11,5886;11,972
3,165398;1,7313;-1,5865;-11,5731;11,809
3,179512;1,4396;-1,8383;-11,6518;11,883
3,197116;1,3014;-1,8628;-11,4588;11,682
3,200379;1,7366;-2,3109;-10,5515;10,940
3,202739;2,0813;-1,9928;-6,6022;7,204
3,221048;3,1712;-1,7028;-2,4819;4,372
3,223747;3,3197;-2,0320;-0,5167;3,926
3,233219;3,1112;-2,1306;-0,2698;3,780
3,255465;3,8919;-1,4299;-0,5911;4,188
3,257802;4,2955;-0,5989;-0,9133;4,432
3,265078;4,6239;0,1047;-0,3657;4,640
3,276208;4,7500;0,8613;1,6065;5,088
3,291739;3,6977;1,4623;4,4798;5,990
3,293780;1,1815;1,4902;6,8807;7,139
3,302978;0,1479;0,1940;9,9178;9,921
3,313129;1,3505;-2,2403;15,3136;15,535
3,323118;4,0111;-3,9845;16,7130;17,643
3,333048;4,1758;-2,2927;10,0518;11,124
3,343524;4,1060;-1,9184;7,3334;8,621
3,353550;3,5402;-1,5811;6,0066;7,149
3,365198;2,6166;-0,7907;3,6771;4,582
3,373110;1,6846;-0,3123;1,1575;2,068
3,384482;2,5396;0,2111;-1,1474;2,795
3,393322;2,1667;0,4524;0,2189;2,224
3,402893;0,1394;0,2431;1,1109;1,146
3,412889;-2,1885;-0,4912;0,4454;2,287
3,422814;-4,1256;-1,3378;0,5911;4,377
3,433030;-4,4957;-1,5724;1,3085;4,939
3,443074;-4,1868;-1,4248;2,0572;4,878
3,452989;-4,3047;-0,6541;1,7715;4,701
3,464103;-4,2593;0,4294;1,2731;4,466
3,473116;-4,1308;1,3982;0,4416;4,383
3,483142;-4,5190;0,7968;-0,7683;4,653
3,493180;-4,5601;-0,4930;-1,2125;4,744
3,502898;-4,6188;-1,8754;-1,2661;5,143
3,512933;-4,3274;-2,9155;-1,4294;5,410
3,522972;-3,4234;-3,4347;-1,8443;5,188
3,533303;-3,1636;-3,3394;-1,9276;4,988
3,542764;-3,7113;-3,0345;-2,0735;5,223
3,552895;-5,2935;-2,5755;-2,9879;6,602
3,570286;-6,5852;-2,2555;-4,2503;8,156
3,573290;-7,2483;-2,6420;-4,9863;9,186
3,588214;-6,2433;-3,5240;-4,8282;8,643
3,593039;-4,2595;-4,3037;-2,5972;6,589
3,603474;-3,0065;-4,8704;1,1199;5,832
3,612853;-3,3085;-5,2872;5,8086;8,523
3,623008;-4,2501;-5,4283;10,5484;12,602
3,633085;-4,5077;-5,2732;13,5303;15,205
3,642824;-3,8372;-4,7410;13,8423;15,126
3,653714;-3,0528;-3,8811;12,0972;13,066
3,669083;-2,2754;-3,0434;8,8048;9,590
3,685874;-1,6807;-2,5948;5,0885;5,954
3,688241;-1,3991;-2,2484;1,4492;3,019
3,692840;-1,3210;-1,9858;-1,7911;2,983
3,702682;-1,0595;-1,8731;-4,2887;4,798
3,713036;-0,5503;-1,6064;-6,2522;6,479
3,722873;0,1258;-1,4043;-7,0203;7,161
3,732859;0,6899;-1,1828;-6,8264;6,962
3,743050;1,0662;-0,9702;-5,7297;5,908
3,753137;1,2891;-0,9427;-4,2633;4,553
3,767595;1,2071;-0,8987;-2,9428;3,305
3,783736;0,9988;-0,7429;-1,8457;2,226
3,785359;0,8986;-0,6383;-0,8326;1,381
3,792888;0,9807;-0,6197;-0,1606;1,171
3,803243;1,0924;-0,5099;0,1255;1,212
3,813370;1,0075;-0,2218;0,1918;1,049
3,823069;0,7515;0,1011;0,1349;0,770
3,833082;0,4935;0,2847;-0,1235;0,583
3,842938;0,2643;0,2870;-0,5743;0,694
3,853076;0,3708;0,1342;-1,1765;1,241
3,867330;0,9697;-0,1704;-1,8040;2,055
3,884804;1,7440;-0,3989;-2,3137;2,925
3,887783;2,8221;-0,5974;-2,0561;3,542
3,893483;3,1187;-0,3897;-2,0964;3,778
3,903029;2,9354;-0,2688;-1,6757;3,391
3,913229;3,0595;-0,3829;-0,4882;3,122
3,923006;3,4109;-0,6336;1,1170;3,645
3,933275;4,0010;-1,2916;2,9576;5,140
3,942983;4,5095;-2,2873;4,7267;6,922
3,953378;4,6427;-2,9283;6,1723;8,260
3,969247;4,1462;-3,0252;7,4639;9,058
3,973273;2,7007;-2,3633;7,6062;8,410
3,988406;0,9941;-1,3044;6,5930;6,794
3,993095;0,1710;-0,8427;5,6798;5,745
4,002795;0,2105;-0,7307;4,8378;4,897
4,013044;0,5949;-0,8902;3,4623;3,624
4,023256;1,0466;-1,3130;1,5297;2,271
4,033083;1,0719;-1,6250;-0,0642;1,948
4,042992;0,8384;-1,8032;-1,2758;2,363
4,053109;0,5951;-1,8858;-2,0799;2,870
4,068264;0,3741;-1,8284;-2,5307;3,144
4,086080;0,1706;-1,6494;-2,7155;3,182
4,088066;0,0607;-1,4193;-2,5700;2,937
4,093870;0,0039;-1,1394;-2,0979;2,387
4,102839;-0,3175;-0,9189;-1,7051;1,963
4,112759;-0,8537;-0,7377;-1,5355;1,905
4,123047;-1,3775;-0,6572;-1,5588;2,182
4,132915;-1,7626;-0,5701;-1,7288;2,534
4,142967;-2,1085;-0,4349;-1,9456;2,902
4,153014;-2,2291;-0,3933;-2,0636;3,063
4,167365;-2,1599;-0,3511;-2,1057;3,037
4,182867;-1,9420;-0,1996;-1,7711;2,636
4,185038;-1,6414;-0,1667;-1,3028;2,102
4,193929;-1,4675;-0,1544;-0,7437;1,652
4,203207;-1,5458;-0,1184;0,0388;1,551
4,212844;-1,7392;-0,1855;0,8524;1,946
4,223194;-1,8611;-0,2995;1,5526;2,442
4,233144;-1,9519;-0,3805;1,9527;2,787
4,243166;-1,9287;-0,3492;2,0708;2,851
4,253266;-1,8760;-0,2895;2,0855;2,820
4,266706;-1,9716;-0,2495;1,8765;2,733
4,286622;-2,1614;-0,1776;1,3746;2,568
4,289013;-2,2843;-0,1740;0,7576;2,413
4,295211;-2,3764;-0,3668;0,2558;2,418
4,303817;-2,5953;-0,3519;-0,1466;2,623
4,313192;-2,4969;-0,5545;0,0092;2,558
4,322966;-2,2564;-0,5343;0,4647;2,365
4,333751;-2,0139;-0,4482;1,0630;2,321
4,343301;-2,0053;-0,1482;1,6265;2,586
4,353380;-2,1603;0,2431;1,8879;2,879
4,367782;-1,9566;0,0672;2,2010;2,946
4,373056;-2,1932;-0,1127;2,4818;3,314
4,389512;-2,3562;-0,5411;2,8165;3,712
4,392921;-2,5113;-1,4208;3,1148;4,246
4,403763;-2,2122;-2,0234;3,4949;4,605
4,413213;-1,8125;-2,1737;3,5368;4,530
4,422918;-1,7250;-2,2796;3,4403;4,473
4,433233;-1,9349;-2,3827;3,4161;4,592
4,443216;-2,0649;-2,5071;3,3069;4,635
4,453058;-2,2461;-2,4255;3,0222;4,479
4,467463;-2,5204;-2,1290;2,3676;4,061
4,473302;-2,5670;-1,7922;1,5270;3,483
4,489166;-2,3119;-1,4586;0,4934;2,778
4,493156;-1,9417;-1,2381;-0,3247;2,326
4,503995;-1,5669;-0,9948;-0,9048;2,065
4,516110;-1,2999;-0,7443;-1,4071;2,055
4,523047;-1,2875;-0,5333;-1,7214;2,215
4,533234;-1,3249;-0,4062;-1,8204;2,288
4,543110;-1,2553;-0,5170;-1,8787;2,318
4,553329;-1,1329;-0,6805;-2,0164;2,411
4,566395;-0,8983;-0,8645;-1,9719;2,333
4,586937;-0,6757;-0,9314;-1,8525;2,181
4,589040;-0,4545;-0,9617;-1,7726;2,067
4,594232;-0,3686;-0,8887;-1,7240;1,974
4,604319;-0,4416;-0,7839;-1,7871;2,001
4,614519;-0,5506;-0,6834;-1,7792;1,984
4,623119;-0,6576;-0,5014;-1,7406;1,927
4,633120;-0,5747;-0,3247;-1,7789;1,897
4,642894;-0,3784;-0,2513;-1,8876;1,941
4,653106;-0,1565;-0,1722;-1,9650;1,979
4,665695;0,0074;-0,1068;-1,8610;1,864
4,673570;0,1375;-0,1739;-1,5699;1,585
4,687872;0,2433;-0,1726;-1,4946;1,524
4,693156;0,4457;-0,3590;-1,3295;1,447
4,703006;0,5106;-0,4683;-0,9599;1,184
4,713231;0,7062;-0,3929;-0,5176;0,960
4,724399;1,0384;-0,3275;-0,1737;1,103
4,733140;1,4018;-0,2850;0,2129;1,446
4,743352;1,6486;-0,3478;0,4912;1,755
4,753262;1,6993;-0,5570;0,8586;1,984
4,763390;1,4834;-0,6685;0,9993;1,909
4,776355;1,1774;-0,8123;1,0037;1,747
4,783466;0,7876;-0,9465;1,0322;1,607
4,799337;0,6137;-0,7423;1,1145;1,473
4,802937;0,7410;-0,5195;1,0347;1,375
4,813399;0,9104;-0,1706;0,7655;1,202
4,823560;1,1493;-0,0101;0,3966;1,216
4,833183;1,4529;-0,2589;0,4482;1,542
4,843265;1,3601;-0,5774;0,9842;1,775
4,853095;1,3488;-0,9490;1,8143;2,452
4,863196;1,1021;-1,1298;2,8591;3,266
4,876058;0,5020;-1,0726;3,4300;3,629
4,883288;-0,1077;-0,9540;3,5184;3,647
4,894334;-0,4372;-0,9079;3,0595;3,221
4,902913;-0,2797;-0,8357;2,4210;2,576
4,913118;0,2004;-0,8689;1,8496;2,053
4,923448;0,5715;-0,9281;1,3699;1,751
4,935008;0,7252;-0,9314;0,9976;1,546
4,943010;0,7306;-0,7982;0,7875;1,338
4,953026;0,7343;-0,6280;0,7798;1,242
4,963219;0,6721;-0,6235;0,8689;1,263
4,974523;0,4556;-0,7910;0,8681;1,260
4,995789;0,1503;-1,0116;0,8212;1,312
4,998858;-0,1189;-1,0533;0,7650;1,307
5,004855;-0,1793;-0,9439;0,6598;1,166
5,012679;-0,1163;-0,7733;0,4448;0,900
5,023065;-0,1660;-0,6039;0,0044;0,626
5,035565;-0,3105;-0,5318;-0,4900;0,787
5,042949;-0,4288;-0,4880;-0,9779;1,174
5,052916;-0,4678;-0,3931;-1,4204;1,546
5,063273;-0,5126;-0,2473;-1,8535;1,939
5,073290;-0,7041;-0,0617;-2,3552;2,459
5,085441;-0,8187;0,0615;-2,6880;2,811
5,107724;-0,5697;0,0414;-2,8307;2,888
5,109645;-0,4741;-0,0071;-2,7867;2,827
5,112982;-0,4781;0,0173;-2,6665;2,709
5,123366;-0,7963;0,2307;-2,5605;2,691
5,134046;-1,1332;0,3824;-2,5083;2,779
5,145996;-1,0602;0,3471;-2,1620;2,433
5,152948;-1,2559;0,3740;-1,7846;2,214
5,162951;-1,4979;0,4752;-1,2575;2,013
5,175709;-1,4801;0,5255;-0,6992;1,719
5,183330;-1,5242;0,6063;-0,5150;1,719
5,195062;-1,6421;0,5335;-0,6390;1,841
5,203157;-1,7425;0,2069;-0,5673;1,844
5,213082;-2,0753;0,0027;-0,3029;2,097
5,222845;-2,4234;0,1524;0,0351;2,428
5,233100;-2,5957;0,3307;0,2301;2,627
5,244607;-2,4171;0,1761;-0,0111;2,424
5,253112;-2,4653;0,3115;0,0346;2,485
5,262910;-2,4794;0,2735;-0,1907;2,502
5,274006;-2,1731;0,1832;0,1307;2,185
5,283059;-1,7344;0,2006;0,7255;1,891
5,292769;-1,3342;0,4747;1,2521;1,890
5,302722;-1,1775;0,9882;1,5559;2,187
5,312995;-0,8935;1,1815;1,5615;2,152
5,323958;-0,7487;0,8741;1,5111;1,899
5,332906;-1,1353;0,5229;1,6758;2,091
5,343964;-2,0955;0,4162;2,2380;3,094
5,354702;-2,9558;0,3276;2,8862;4,144
5,362895;-3,2507;0,0926;3,4608;4,749
5,373645;-3,1380;-0,2244;3,8874;5,001
5,388414;-2,8973;-0,4434;4,1161;5,053
5,395324;-2,7990;-0,6061;4,2624;5,135
5,406639;-2,6829;-0,8075;4,2360;5,079
5,413139;-2,6512;-1,0021;3,9253;4,842
5,422881;-2,8946;-1,1637;3,2368;4,496
5,432839;-3,1458;-1,2031;2,5397;4,218
5,442979;-3,2785;-1,2880;1,7705;3,942
5,453760;-3,1361;-1,3685;1,0518;3,580
5,462790;-2,7435;-1,4529;0,4990;3,144
5,472774;-2,4781;-1,4617;-0,0877;2,878
5,483032;-2,5028;-1,4652;-0,5198;2,946
5,494075;-2,4901;-1,4535;-0,7101;2,969
5,502961;-2,3538;-1,4709;-0,8156;2,893
5,512804;-1,9119;-1,5342;-0,9513;2,629
5,522857;-1,4680;-1,4593;-1,3026;2,446
5,532830;-1,2923;-1,3147;-1,9169;2,659
5,542787;-1,2894;-1,3686;-2,4676;3,102
5,553407;-1,0657;-1,5310;-2,8635;3,418
5,564128;-1,0985;-1,5483;-3,2519;3,765
5,572960;-1,3209;-1,3872;-3,8251;4,278
5,582766;-1,4722;-1,2795;-4,3911;4,805
5,601889;-1,6501;-1,6415;-4,5126;5,078
5,603511;-1,1679;-1,5918;-4,2052;4,646
5,612980;0,0749;-0,6672;-3,0670;3,140
5,622959;0,8257;-0,0354;-2,1721;2,324
5,632914;0,1119;0,2820;-1,2588;1,295
5,642805;-0,4415;0,0347;-0,6995;0,828
5,652887;-0,6653;-0,2134;-0,1696;0,719
5,663889;-0,5481;-0,4110;0,3373;0,764
5,673356;0,0330;-0,3700;0,1352;0,395
5,683069;0,6918;-0,1202;-0,2788;0,755
5,693069;1,0170;0,2594;-0,8296;1,338
5,712483;1,0420;0,6115;-1,3991;1,849
5,714644;1,0475;0,8662;-1,9193;2,352
5,722814;1,0391;1,0102;-1,8950;2,386
5,732657;0,8442;0,3787;-1,5970;1,846
5,742762;1,0314;1,3038;-1,2312;2,069
5,753053;1,8079;1,6165;-1,5524;2,880
5,764027;1,3312;1,5252;-0,9486;2,236
5,772887;1,1054;0,7141;0,1535;1,325
5,782900;0,7172;0,8955;0,7390;1,365
5,793050;1,4434;1,3457;0,9668;2,198
5,803102;1,4317;1,4683;0,9313;2,252
5,816432;0,9818;1,4584;1,0249;2,035
5,822934;1,2801;0,1540;0,1372;1,297
5,833043;1,5133;0,3135;-0,5658;1,646
5,843263;2,3352;-0,0359;-0,8120;2,473
5,853088;2,4448;-0,0148;-0,9161;2,611
5,863323;2,1938;0,3814;0,0399;2,227
5,874460;1,8548;0,2651;1,8217;2,613
5,883104;1,3458;0,1626;4,0297;4,252
5,894689;1,5077;-0,4243;5,6545;5,867
5,903110;3,6937;-1,8294;2,6821;4,918
5,920117;5,1990;-1,8311;1,6201;5,745
5,923003;4,9216;-1,4245;2,4935;5,698
5,932906;1,9805;-0,9342;4,6675;5,156
5,943512;-0,8768;-1,1001;5,2682;5,453
5,953043;-3,6783;0,5308;2,5519;4,508
5,963224;-2,6243;2,1941;0,0827;3,422
5,980697;2,4176;1,2871;-1,2839;3,025
5,983358;5,7468;-0,5308;-2,7069;6,375
6,002725;4,8300;-1,6391;-3,0698;5,953
6,005335;1,6039;-1,3109;-2,3090;3,102
6,012808;-1,1707;-1,0377;-1,5325;2,190
6,023028;-2,1983;-1,5501;-0,2710;2,703
6,033155;-1,8118;-1,6630;1,0362;2,669
6,042999;-0,6687;-0,9845;1,8788;2,224
6,052909;-0,0665;-0,8330;2,0380;2,203
6,063247;-0,6694;-1,6594;1,5876;2,392
6,079950;-1,2204;-2,1134;0,9509;2,619
6,100503;-1,7242;-2,1311;0,0084;2,741
6,102414;-2,2698;-1,6417;-1,3233;3,098
6,103950;-2,5121;-1,0102;-2,5963;3,751
6,112832;-2,2602;-0,3690;-3,6684;4,325
6,123111;-1,8837;0,1821;-4,4803;4,864
6,132939;-1,3351;0,7483;-5,1056;5,330
6,142750;-0,9238;1,1261;-5,2526;5,451
6,152987;-0,8889;1,2490;-4,8211;5,059
6,162943;-1,2112;0,9336;-4,3012;4,565
6,179460;-1,6585;-0,3309;-4,9856;5,265
6,198680;-1,9079;-1,0637;-3,7745;4,361
6,201153;-1,8546;-1,0358;-3,8225;4,373
6,203061;-1,3066;-0,8579;-3,7208;4,036
6,213078;-0,6376;-0,8134;-3,7129;3,854
6,222837;0,1900;-0,5994;-3,6508;3,705
6,232978;0,8806;-0,1427;-3,7456;3,850
6,242779;0,9363;0,3276;-3,8423;3,968
6,252876;0,4450;0,7026;-4,1577;4,240
6,262835;0,3619;0,9183;-3,9285;4,051
6,277282;1,0554;1,1921;-2,7206;3,152
6,296787;2,1883;1,8568;-0,9727;3,030
6,298616;3,5041;2,7403;-1,0944;4,581
6,303066;5,3269;2,7124;-2,7588;6,584
6,312869;7,4440;1,2937;-3,9475;8,525
6,323080;1,0328;5,1837;-7,2766;8,994
6,333140;-5,3685;8,9284;-8,9677;13,746
6,343003;-4,8574;8,1929;-15,8592;18,500
6,353192;-7,4843;7,5864;-7,2618;12,896
6,363123;-10,3757;14,0075;6,9548;18,768
6,377918;-8,7848;19,9250;13,5168;25,630
6,400753;-5,5254;23,0657;14,8451;27,981
6,403230;-3,8230;25,0136;14,9033;29,367
6,404458;-2,7091;16,9484;14,0402;22,175
6,412961;-5,1744;9,5459;14,4472;18,073
6,422904;-14,4457;6,6892;11,9258;19,891
6,433304;-17,3033;3,7260;5,3026;18,477
6,442927;-14,2940;2,4897;0,5546;14,520
6,453117;-9,0295;1,7384;2,6208;9,562
6,462784;-8,6351;0,5051;8,3021;11,989
6,478599;-9,6567;-2,5053;12,4013;15,916
6,504632;-19,0139;-0,1021;15,7861;24,713
6,507069;-11,3589;-3,5519;10,2325;15,695
6,508824;-2,9552;-4,1812;3,7093;6,323
6,513071;3,7755;-3,6085;-1,7088;5,495
6,523057;7,6914;-4,3540;-1,7043;9,001
6,533019;6,4471;-5,5223;3,9403;9,359
6,543196;2,6493;-6,6810;8,1330;10,854
6,552983;-2,2069;-9,7538;11,2193;15,029
6,563033;-5,8868;-9,6319;14,0931;18,057
6,579164;-5,7066;-8,6438;9,8321;14,281
6,583092;-4,2624;-8,2424;6,0177;11,060
6,600642;-2,5067;-6,7207;3,4596;7,964
6,602900;-0,6271;-5,0771;0,3113;5,125
6,613022;0,9839;-4,3136;-2,1403;4,915
6,623139;2,5982;-2,8710;-6,0481;7,181
6,632922;4,0097;-2,5689;-8,5588;9,794
6,642940;5,5187;-3,0944;-9,2488;11,206
6,653180;6,8555;-3,8766;-9,2215;12,127
6,662988;6,1197;-4,2903;-6,7581;10,076
6,677945;3,6995;-4,3482;-2,5619;6,258
6,683252;2,5881;-3,9940;0,4442;4,780
6,697491;3,4484;-3,4344;0,5782;4,901
6,705469;5,7713;-2,9557;-2,6038;6,987
6,713505;8,4059;-2,2670;-5,2323;10,158
6,723009;9,4187;-2,2536;-5,9605;11,372
6,734932;8,0583;-1,5103;-6,4705;10,444
6,742795;5,9171;-0,3212;-6,9307;9,119
6,752764;3,1300;0,7768;-6,8175;7,542
6,762935;0,2552;2,0852;-6,1178;6,468
6,773838;-2,2889;2,4196;-3,7248;4,997
6,791104;-3,9185;2,3061;1,3784;4,751
6,793421;-3,1938;2,8724;5,7295;7,161
6,802999;-0,3480;3,9088;9,2053;10,007
6,813965;3,2541;5,9189;11,2717;13,141
6,822965;7,2321;7,2049;10,4836;14,633
6,833022;9,7173;7,3892;6,1178;13,655
6,842982;8,7626;7,0922;0,6445;11,291
6,853126;5,4829;6,6239;-4,6665;9,783
6,862706;-0,8028;7,0476;-9,1798;11,601
6,878054;-6,9927;9,0900;-11,1865;16,021
6,883468;-11,4187;10,7055;-12,3670;19,948
6,902663;-9,9842;9,6043;-12,0501;18,361
6,905547;-5,7347;9,0721;-11,6702;15,855
6,914978;-4,4037;8,5445;-13,8710;16,876
6,926225;-9,5122;7,1331;-15,2030;19,300
6,932860;-19,6914;5,8219;-13,9717;24,837
6,942890;-26,5839;5,2495;-8,6441;28,443
6,953165;-23,6374;5,6768;-2,9789;24,491
6,963118;-14,7782;8,3057;2,5598;17,144
6,975506;-6,1026;9,9996;3,9662;12,368
6,995384;-0,6502;10,2354;3,7740;10,928
6,998232;1,8126;10,8468;7,9973;13,598
7,005479;3,1636;9,0023;17,6501;20,064
7,014389;3,8224;5,4991;31,0059;31,721
7,024400;3,2104;0,6643;40,3792;40,512
7,033283;3,1370;-3,3519;37,7905;38,068
7,042849;4,9951;-7,9626;24,3995;26,147
7,053034;7,9412;-13,2571;8,2745;17,529
7,063026;12,7738;-18,6553;-5,9027;23,367
7,075063;13,8139;-21,1870;-16,5900;30,248
7,095913;9,5982;-22,0819;-25,0772;34,765
7,098395;3,3583;-21,6117;-28,3542;35,809
7,105010;-0,6910;-21,7547;-24,3632;32,670
7,113623;-5,7618;-23,6247;-21,1182;32,207
7,123779;-4,4771;-23,5424;-14,7390;28,134
7,133231;-2,9196;-23,4708;-7,7002;24,874
7,143050;-3,7897;-22,0271;-0,9512;22,371
7,153674;-0,6869;-20,4672;1,2806;20,519
7,163210;1,9413;-17,5121;1,3415;17,670
7,175582;5,9762;-12,9957;-1,7409;14,409
7,183372;14,5804;-7,9221;-6,6983;17,895
7,194426;21,2577;-4,7109;-13,9157;25,840
7,203483;24,1557;-2,2572;-16,9342;29,586
7,213494;27,7886;-1,6635;-8,9036;29,228
7,223180;30,5789;-2,3380;6,0695;31,263
7,233896;26,5204;-3,3741;26,5706;37,692
7,242915;18,8830;-3,5871;38,4703;43,005
7,253078;8,5200;-1,8977;41,0717;41,989
7,263302;2,6473;0,7516;37,7814;37,881
7,273159;0,2391;4,7639;33,0399;33,382
7,287196;1,1003;8,2107;31,1136;32,198
7,293314;1,6451;9,8276;27,3478;29,107
7,310970;-2,4775;12,0061;21,3281;24,600
7,312801;-8,0496;14,3059;15,5467;22,609
7,323110;-16,7818;17,6425;9,8627;26,271
7,337264;-28,9183;21,6841;3,0684;36,275
7,346083;-42,2829;20,5998;-3,1964;47,142
7,353533;-50,6523;17,5711;-6,8571;54,050
7,363192;-52,8740;15,1845;-4,9694;55,235
7,373222;-48,7873;14,5421;0,7190;50,914
7,388471;-42,6054;13,6140;5,0131;45,008
7,393190;-40,6064;13,5546;6,8291;43,350
7,402936;-36,4269;11,8018;6,3075;38,807
7,413193;-31,2572;11,0352;4,4167;33,441
7,423160;-17,7839;11,8154;-0,4618;21,356
7,433217;-3,4537;13,7535;0,0110;14,181
7,444363;6,7553;15,8788;4,3277;17,790
7,452971;17,9069;16,7018;18,8887;30,926
7,462869;19,6077;11,9059;42,3979;48,206
7,473369;9,8128;6,0284;58,0438;59,175
7,489695;-1,0305;-2,9500;55,2210;55,309
7,492978;-6,3803;-12,5290;40,7818;43,137
7,503124;-1,9904;-19,5233;30,3804;36,168
7,513011;9,0836;-23,0628;20,7090;32,300
7,522956;16,7681;-23,3150;10,4219;30,551
7,533166;22,8334;-23,0539;-2,2023;32,522
7,544026;25,7020;-23,1178;-12,5317;36,771
7,553550;24,7815;-22,2662;-16,9311;37,371
7,563250;19,0225;-22,1685;-21,3916;36,206
7,574821;12,0262;-21,2641;-20,3895;31,820
7,583457;4,4205;-22,9735;-15,3961;28,006
7,592894;-2,4487;-24,6559;-10,7539;27,010
7,602771;-9,8313;-24,5429;-7,4417;27,466
7,613049;-11,5055;-23,6110;-5,9083;26,921
7,622881;-5,0689;-23,5241;-7,1391;25,101
7,633218;8,8303;-21,8395;-13,8217;27,313
7,645006;20,2852;-19,7739;-21,2366;35,405
7,655015;26,9783;-17,9264;-29,5990;43,878
7,663266;28,0489;-16,7080;-31,2708;45,208
7,673258;20,9599;-20,4169;-25,5088;38,818
7,683561;9,8555;-19,3933;-12,8392;25,260
7,700695;1,3999;-15,4333;11,8746;19,523
7,702811;4,3819;-14,1687;11,7998;18,952
7,713141;11,4197;-9,8923;14,6517;21,046
7,722684;17,6665;-7,9400;12,5838;23,098
7,732815;23,5273;-4,2918;10,5507;26,139
7,743386;25,0584;-0,5429;8,9284;26,607
7,753635;15,0173;1,8781;9,1698;17,696
7,763304;5,0285;3,5336;8,5739;10,549
7,773228;1,2896;5,6264;5,9400;8,283
7,784644;0,4334;10,0669;5,8501;11,651
7,793156;-4,2748;14,1492;6,5654;16,173
7,808562;-17,8464;18,1953;8,2477;26,788
7,812925;-30,7623;18,8355;15,1390;39,119
7,823519;-39,8517;16,9365;18,6179;47,134
7,833498;-44,4599;13,8877;22,5426;51,747
7,842938;-45,8745;14,4643;22,9871;53,311
7,853402;-42,1133;16,6628;15,3716;47,827
7,864613;-28,8131;19,4159;13,0674;37,121
7,872800;-13,5001;23,3123;20,6571;33,947
7,882779;-0,9543;26,6385;41,7760;49,556
7,893273;4,6234;24,8767;66,1503;70,824
7,911999;4,0168;21,0948;74,5478;77,579
7,914210;3,9259;14,9689;74,7552;76,340
7,923336;9,6062;8,8842;70,4147;71,620
7,933326;16,8701;2,2257;54,3814;56,982
7,942765;20,6968;2,0229;40,9600;45,937
7,954451;29,1919;-2,8702;35,8094;46,289
7,965553;39,5670;-11,4493;35,4678;54,356
7,972913;47,7641;-24,9640;25,6109;59,670
7,982742;61,9823;-28,7044;11,8054;69,319
7,992943;55,5237;-39,4022;-2,2785;68,122
8,012780;28,6113;-47,9913;-16,0098;58,121
8,015251;7,0650;-46,3736;-26,0627;53,663
8,022856;-1,2132;-50,5983;-37,1037;62,756
8,033130;-1,2010;-49,2791;-42,9882;65,405
8,042847;0,8389;-46,4182;-36,2428;58,897
8,053695;4,4591;-47,4575;-27,4336;54,997
8,064434;4,9677;-47,0952;-21,0439;51,822
8,074715;8,7980;-45,2616;-15,4103;48,616
8,083230;16,8526;-43,7495;-18,4683;50,390
8,095135;22,0425;-43,3329;-25,0675;54,699
8,103113;27,7239;-41,0815;-31,5449;58,748
8,116303;30,6467;-39,8793;-42,5492;65,879
8,123080;29,0958;-38,5744;-49,7220;69,331
8,133110;31,3773;-36,9265;-40,6312;63,238
8,143042;36,8904;-34,4026;-26,9047;57,169
8,153170;41,4355;-32,5782;-16,8629;55,341
8,163844;48,1301;-29,1073;-7,0376;56,686
8,173658;51,1225;-25,2079;7,1853;57,451
8,183050;58,3080;-25,8151;27,6008;69,484
8,194711;69,7981;-24,7052;47,7155;88,085
8,204538;69,7733;-14,8323;69,4123;99,531
8,218943;58,4903;-7,3519;75,4646;95,760
8,222781;28,5354;2,1473;76,5722;81,745
8,232918;10,9709;12,4633;59,2603;61,543
8,243207;-0,2178;18,7882;23,3254;29,952
8,253179;-23,3931;25,5426;5,4527;35,063
8,262710;-41,7375;25,4275;17,5463;51,927
8,283382;-49,9907;24,0735;37,9607;67,228
8,287072;-49,4648;25,2199;49,4398;74,344
8,293080;-43,4409;26,3968;54,2045;74,310
8,305256;-37,9327;29,8782;45,4535;66,315
8,312950;-35,0212;29,2463;32,5790;56,064
8,322999;-26,5408;27,7838;24,4234;45,529
8,332737;-10,5893;26,3078;28,8268;40,438
8,342921;2,5866;23,5219;34,7391;42,033
8,353090;9,3698;20,8218;37,3796;43,802
8,363526;11,5032;17,7570;37,4414;43,006
8,380257;17,3596;14,9129;39,6895;45,815
8,383184;24,5532;12,7017;43,4566;51,504
8,403200;27,6371;10,7001;45,6262;54,406
8,405998;28,4567;7,0479;42,4804;51,614
8,413116;33,2129;2,5066;35,0470;48,350
8,423007;40,8428;-6,4950;28,1125;50,006
8,433266;48,6914;-15,6912;22,4319;55,859
8,442768;53,2273;-22,8000;11,9500;59,125
8,453014;44,4992;-28,2722;-1,0432;52,731
8,463064;27,2400;-35,1159;-8,9282;45,330
8,479619;8,1601;-40,3481;-9,9207;42,344
8,503733;-5,0190;-43,5324;-10,0833;44,966
8,506255;-5,0422;-42,9011;-13,5427;45,270
8,509016;0,1616;-41,1597;-20,7691;46,103
8,512942;1,0147;-39,9899;-31,2275;50,748
8,523191;-7,9163;-37,7649;-31,8072;50,005
8,533222;-13,2028;-37,5146;-23,7800;46,337
8,543291;-9,8302;-39,0262;-18,7802;44,411
8,553183;-6,4124;-40,8021;-21,3656;46,502
8,562951;-8,0508;-41,7032;-30,4260;52,247
8,580656;-6,8770;-41,8041;-38,2040;57,048
8,584230;-4,0830;-40,0436;-37,0544;54,710
8,600671;5,3032;-37,4644;-23,9807;44,797
8,603267;12,2610;-35,1916;-6,5621;37,840
8,613068;10,2803;-32,3077;4,6315;34,219
8,623328;7,3491;-28,2932;5,0509;29,665
8,632965;9,6438;-23,7505;3,7015;25,900
8,643080;14,1502;-18,1399;5,6044;23,679
8,652899;22,6208;-10,5224;7,9617;26,188
8,662850;33,4609;-3,5429;9,9590;35,091
8,673128;42,3383;1,0901;12,2137;44,078
8,690572;44,9811;7,5663;20,2319;49,899
8,693567;39,6962;13,7817;33,7374;53,888
8,703524;28,0208;13,7850;41,9633;52,308
8,713093;10,8833;15,0198;43,7219;47,494
8,723430;-2,4885;17,1816;37,4172;41,249
8,733084;-13,2773;19,1888;28,1417;36,558
8,742695;-18,8315;20,9849;17,7052;33,294
8,753144;-21,3619;22,2560;9,6292;32,317
8,762872;-22,3451;22,4538;4,3210;31,971
8,773111;-23,2171;21,1385;2,2154;31,477
8,790803;-29,1256;18,3133;4,8428;34,744
8,794487;-35,5286;15,2986;10,5674;40,100
8,810270;-34,0195;13,3931;11,6098;38,360
8,813189;-28,0252;11,2471;4,6903;30,560
8,822907;-21,7351;10,6889;-2,2414;24,325
8,832955;-16,8254;11,5509;-1,2278;20,446
8,843166;-14,5423;10,9261;5,1088;18,893
8,853187;-12,8314;8,4960;13,6285;20,556
8,862955;-9,8452;5,1937;23,3379;25,856
8,873227;-3,9866;3,7677;27,8184;28,354
8,888136;3,2594;1,9963;31,2154;31,448
8,907988;11,2687;-2,2900;35,6026;37,414
8,910025;22,9240;-3,9690;34,3562;41,492
8,912857;35,2639;-6,0230;28,6262;45,818
8,922688;39,1142;-3,4138;22,0499;45,031
8,933300;40,1437;-3,8795;10,9119;41,781
8,942775;31,7010;-3,6804;4,2879;32,201
8,952611;17,1502;-4,3088;4,8336;18,332
8,962592;6,9730;-6,8259;7,9940;12,614
8,972827;5,4821;-8,6356;8,6531;13,398
8,985127;10,1009;-9,8676;3,4240;14,530
8,999490;13,3236;-9,7749;-4,7002;17,180
9,012434;11,3959;-9,3487;-12,7868;19,513
9,013439;6,0727;-9,0526;-17,2717;20,424
9,024085;2,0739;-9,9122;-15,9208;18,869
9,032767;0,3800;-11,0595;-12,2155;16,483
9,043188;1,3746;-11,7081;-10,7009;15,921
9,052504;3,3207;-12,9364;-12,4931;18,288
9,062846;4,5424;-12,4280;-15,4031;20,306
9,072912;6,4645;-11,4897;-17,5569;21,956
9,082747;8,4948;-10,5361;-17,3671;22,018
9,094514;10,0443;-7,9052;-16,0389;20,509
9,104600;10,0931;-6,1439;-14,6962;18,857
9,112776;10,0490;-5,6160;-10,1125;15,323
9,122755;8,9960;-5,3773;-2,8727;10,867
9,132675;6,5628;-4,5329;3,2705;8,621
9,142654;5,7032;-4,6503;6,2242;9,638
9,152673;9,0308;-7,2252;2,9955;11,947
9,162878;10,7230;-7,0357;-5,2751;13,868
9,172713;8,9426;-1,4078;-10,3733;13,768
9,182787;8,8209;-3,1535;-8,4319;12,604
9,195321;5,5394;-7,1540;3,0427;9,546
9,204807;-0,1151;-6,1411;21,7427;22,594
9,212658;-1,6442;-8,0866;31,7164;32,772
9,223297;-1,3008;-8,2040;35,1299;36,099
9,232713;-1,4866;-5,0007;29,3309;29,791
9,242801;1,7515;-4,1838;17,3371;17,921
9,252723;4,3162;-3,3275;3,5852;6,523
9,262673;2,3187;-1,9821;-6,6535;7,319
9,272914;-1,2609;-0,9366;-14,7120;14,796
9,282766;-4,2001;-1,2876;-20,6910;21,152
9,295578;-3,7337;-2,2741;-22,5252;22,946
9,304237;-2,6757;-2,1903;-19,2781;19,586
9,312659;-2,2356;-1,9351;-13,4098;13,732
9,322825;-1,5574;-1,8219;-8,5376;8,868
9,332663;-1,0285;-1,4706;-5,5866;5,868
9,342706;-0,5828;-1,2564;-2,6002;2,946
9,352709;-1,5703;-1,1572;-0,7300;2,083
9,362661;-3,7756;-1,4943;-0,7915;4,137
9,372699;-6,7339;-1,6939;-3,1347;7,618
9,382801;-10,5505;-1,3459;-5,8265;12,127
9,397637;-14,0110;-0,9101;-8,5355;16,431
9,404871;-16,8258;-0,8630;-11,9312;20,645
9,412793;-21,4602;-0,6760;-14,8408;26,101
9,422709;-28,5189;-2,3610;-16,6152;33,090
9,433710;-36,5503;-5,9969;-18,5557;41,427
9,442866;-45,8274;-6,9973;-23,4267;51,942
9,452790;-48,6094;-6,1241;-26,5517;55,726
9,462560;-48,5208;-1,9080;-22,7505;53,624
9,472749;-26,7202;-7,4364;-12,1094;30,264
9,482709;12,4335;-12,5597;-3,2739;17,974
9,494933;19,2078;-13,2890;15,6356;28,107
9,502781;5,8784;-16,5534;44,2530;47,612
9,512694;-2,1088;-21,6349;64,7310;68,283
9,522684;-3,9020;-18,5887;65,1389;67,852
9,533064;-0,8815;-12,8792;58,3278;59,739
9,542631;12,0917;-13,3447;43,0944;46,706
9,552914;29,1592;-11,4774;26,0035;40,721
9,562579;34,9585;-8,2281;14,0881;38,578
9,572961;33,4119;-5,4678;4,0201;34,094
9,583193;26,8442;-3,0579;0,5031;27,023
9,593960;19,9902;-2,6972;1,9105;20,262
9,602998;15,4845;-3,7092;3,0599;16,214
9,613109;12,5047;-5,1302;3,1914;13,888
9,622810;10,1073;-6,2273;-0,7657;11,896
9,633772;8,0449;-6,4798;-4,1382;11,128
9,645074;6,4227;-6,0134;-5,5502;10,403
9,652888;5,6572;-5,8702;-6,1452;10,209
9,663083;5,7018;-5,8940;-6,7679;10,633
9,673056;6,0715;-5,7056;-7,6777;11,330
9,683039;6,9569;-5,5352;-9,2560;12,834
9,697757;7,4452;-5,2506;-11,2883;14,506
9,703054;7,2183;-4,9200;-13,1415;15,780
9,720641;5,2887;-5,0248;-14,0715;15,850
9,723854;4,8193;-4,6064;-13,1297;14,725
9,733161;4,4708;-4,1669;-10,1822;11,876
9,744230;3,3783;-3,4973;-5,3203;7,208
9,753352;3,9539;-2,7654;-0,9402;4,916
9,763177;9,1075;-5,2826;-3,1881;11,001
9,773419;14,1872;-8,7818;-13,9148;21,726
9,783402;12,0359;-1,4899;-21,3081;24,518
9,797977;8,0871;1,2703;-21,5527;23,055
9,803384;6,0311;-13,6674;-6,0606;16,121
9,823054;-0,9179;-16,0924;25,5254;30,189
9,826128;1,3030;-17,3049;47,0358;50,135
9,835236;0,7843;-13,1676;51,3984;53,064
9,848294;-1,9867;-3,8634;45,2755;45,483
9,855558;0,7336;0,1475;34,9715;34,980
9,862868;3,0572;0,5589;18,5446;18,803
9,873161;1,8094;1,4348;3,2356;3,975
9,883057;-1,3834;2,7604;-10,0392;10,503
9,901692;-6,2570;4,0061;-19,5894;20,951
9,904755;-10,0231;4,3210;-26,1806;28,365
9,913261;-9,1939;2,1242;-25,2901;26,993
9,922838;-8,3725;1,4552;-18,6524;20,497
9,933030;-7,7455;0,3117;-10,2247;12,831
9,944145;-6,2618;-1,5098;-1,6118;6,640
9,954354;-4,2606;-3,2653;1,6320;5,611
9,962821;-2,5322;-3,7060;2,2004;4,999
9,973031;-1,9859;-2,6369;1,1565;3,498
9,986806;-2,3902;-1,3399;-1,5145;3,131
9,993321;-3,6525;-1,2088;-4,4590;5,889
10,009276;-4,9066;-1,2160;-5,7077;7,624
10,012792;-6,9146;-1,3549;-5,0537;8,671
10,023121;-9,3419;-1,9348;-3,0296;10,010
10,033132;-10,2296;-2,8131;-1,3279;10,692
10,043593;-10,3895;-3,0172;0,9975;10,865
10,053447;-9,3882;-3,3785;2,8415;10,374
10,064799;-6,9651;-4,5963;2,6325;8,750
10,073129;-3,6276;-6,1409;0,5350;7,152
10,082991;0,1314;-7,2192;-3,5095;8,028
10,096704;2,6808;-7,5787;-8,3173;11,567
10,103103;-0,5065;-6,4534;-12,1025;13,725
10,119547;-7,5526;-0,9792;-15,3583;17,143
10,122887;-4,7726;7,1348;-18,3114;20,224
10,132904;4,0776;7,9859;-17,0976;19,306
10,142917;6,1192;-0,4426;-3,8399;7,238
10,153010;-0,2624;-2,5960;55,2342;55,296
10,165176;11,9952;-15,5815;51,7303;55,342
10,172939;8,1402;-14,8702;52,4047;55,078
10,182936;1,3627;-8,2260;35,1521;36,127
10,194639;0,9509;-6,7589;16,8450;18,175
10,203166;4,0042;-4,1608;2,0362;6,123
10,221661;6,5118;-0,6190;-7,3744;9,857
10,223539;7,8098;0,2408;-12,4058;14,661
10,233254;7,6814;-1,5052;-15,5580;17,416
10,243142;6,6309;-3,0253;-15,6037;17,222
10,253070;4,9642;-3,5591;-12,4060;13,828
10,264191;2,1945;-4,2013;-7,0414;8,488
10,274541;-0,6800;-4,8031;-1,8883;5,206
10,283155;-2,6144;-5,4755;0,8756;6,130
10,292982;-3,8860;-6,4630;1,7274;7,737
10,305918;-4,8768;-6,6295;3,0173;8,766
10,313330;-4,5716;-6,0081;4,1582;8,619
10,331276;-3,8830;-5,1757;3,8478;7,528
10,332939;-3,0497;-4,7013;2,4163;6,103
10,342888;-2,5203;-4,4062;0,6002;5,111
10,353495;-2,1363;-4,4461;-1,3073;5,103
10,363180;-2,0061;-4,5325;-2,6231;5,608
10,374528;-1,7243;-4,4871;-3,5732;5,990
10,383220;-1,3841;-4,0613;-4,7248;6,382
10,392844;-1,5534;-3,3997;-5,8635;6,954
10,406220;-1,6075;-2,5693;-7,1384;7,755
10,413013;-1,1567;-1,7722;-7,9984;8,274
10,431744;-0,3196;-1,3423;-8,5571;8,668
10,433644;0,6443;-1,7922;-8,4548;8,667
10,443134;1,0746;-2,5965;-8,0227;8,501
10,454216;0,7245;-3,3847;-7,1658;7,958
10,463019;0,0933;-3,9579;-5,4065;6,701
10,474035;0,0916;-3,9843;-3,2431;5,138
10,483052;0,7849;-4,0128;-1,6598;4,413
10,493484;0,4126;-4,8683;-2,6648;5,565
10,507146;3,2885;-3,7073;-3,6491;6,154
10,513184;5,6752;0,3283;-1,8173;5,968
10,533742;7,1381;1,4948;4,8260;8,745
10,535614;8,7251;-2,6014;13,6227;16,385
10,542677;11,5474;-6,7642;20,7023;24,651
10,552927;10,8241;-6,7888;26,9149;29,794
10,562825;10,3308;-6,8233;25,0695;27,960
10,573466;7,8985;-4,1335;25,3145;26,838
10,584152;2,8178;-0,9120;20,9549;21,163
10,592879;0,3234;0,1971;13,3438;13,349
10,610195;-0,8647;1,7211;6,6643;6,937
10,613212;-1,9900;3,1467;1,6769;4,083
10,636346;-3,2593;3,7290;-1,8095;5,273
10,637975;-4,3245;3,9801;-4,3267;7,298
10,643183;-6,0662;4,6834;-5,9653;9,712
10,653018;-7,4048;4,3535;-6,1878;10,586
10,663014;-7,4938;3,5067;-5,4571;9,911
10,673031;-6,6617;2,8255;-3,9838;8,260
10,691068;-5,3020;2,3620;-2,7558;6,425
10,693700;-3,9663;2,0484;-2,1818;4,969
10,703167;-3,1040;1,6851;-2,5115;4,334
10,718207;-2,7981;1,4692;-3,6383;4,819
10,723170;-2,7624;1,4732;-5,1551;6,031
10,732906;-2,8732;1,3448;-6,6580;7,375
10,743161;-3,2795;1,1248;-7,7629;8,502
10,752953;-4,3502;0,6116;-8,0563;9,176
10,762869;-5,3693;0,1856;-7,3520;9,106
10,773009;-5,9245;-0,1570;-6,0393;8,462
10,790045;-5,5915;-0,6044;-4,0784;6,947
10,816258;-4,2464;-0,8347;-3,3985;5,503
10,818583;-2,1882;-1,2888;-3,3263;4,185
10,819812;-0,1131;-1,9647;-3,2038;3,760
10,822847;0,4420;-2,0374;-2,9726;3,631
10,833045;0,2393;-2,3899;-2,7825;3,676
10,842795;-0,4769;-3,4642;-1,5569;3,828
10,852869;-1,6558;-4,1789;0,9042;4,585
10,862863;-3,2037;-2,5411;2,4782;4,781
10,872860;-2,8577;-1,1457;2,4667;3,945
10,890705;-0,3994;-1,4959;3,6943;4,006
10,892915;2,6466;-2,6113;8,1284;8,938
10,903127;6,0551;-3,6199;14,8189;16,412
10,917120;9,2671;-4,8351;21,0700;23,520
10,922848;10,2933;-5,9009;24,2821;27,026
10,932913;8,7183;-6,1985;22,9004;25,276
10,942899;4,6653;-5,2220;18,6271;19,900
10,953067;1,1339;-3,9611;12,9615;13,601
10,962837;-1,2420;-2,8750;7,3355;7,976
10,972887;-2,6203;-1,8170;3,1696;4,496
10,990069;-3,1976;-1,1702;0,0532;3,405
10,993034;-3,2361;-0,6995;-2,4282;4,106
11,018142;-2,7333;-0,4644;-3,5865;4,533
11,020334;-1,8358;-0,3977;-4,2698;4,665
11,022983;-0,9373;-0,6934;-4,2773;4,433
11,032812;0,0045;-1,1393;-3,9909;4,150
11,042883;0,5976;-1,9229;-4,0657;4,537
11,052857;0,9372;-2,0684;-3,0737;3,822
11,062857;0,1975;-2,3016;-3,4150;4,123
11,072790;-0,8396;-2,9129;-3,1046;4,339
11,089751;-1,8370;-3,3037;-2,7378;4,667
11,093977;-2,9136;-3,5721;-2,2702;5,138
11,118202;-3,3434;-3,8310;-2,5519;5,689
11,121016;-2,8166;-4,0995;-3,8281;6,276
11,123058;-1,8558;-4,2859;-5,4772;7,198
11,133070;-0,7256;-4,3208;-6,8908;8,166
11,142878;0,6223;-4,1895;-7,9813;9,035
11,152993;1,8775;-3,9233;-8,6467;9,679
11,162879;2,5796;-3,7805;-8,6356;9,773
11,172824;4,0449;-4,1842;-7,7852;9,720
11,188654;3,4932;-4,2401;-6,8260;8,762
11,212688;2,2009;-3,7066;-5,7777;7,209
11,214961;1,6380;-3,2776;-4,9355;6,147
11,216625;1,4771;-3,3723;-4,6271;5,913
11,223301;2,1361;-4,3008;-5,8635;7,579
11,232995;3,4411;-4,7868;-7,6322;9,644
11,243316;4,3021;-3,9397;-8,0209;9,918
11,253008;5,1431;-2,4979;-4,3194;7,166
11,263080;6,5907;-1,8785;2,1334;7,178
11,272935;8,2916;-3,0813;8,6267;12,356
11,289874;9,1847;-5,6846;13,5756;17,348
11,293253;9,1350;-7,9132;16,3049;20,296
11,318642;6,9279;-7,1426;18,4733;20,983
11,321261;4,2135;-4,9325;18,8451;19,930
11,323308;2,1207;-3,9129;16,8645;17,442
11,332957;0,7033;-3,0920;14,9116;15,245
11,343348;-0,4136;-1,4871;13,5386;13,626
11,353496;-0,9280;0,4587;11,8048;11,850
11,362951;-0,8556;1,9601;9,4948;9,733
11,372851;-0,4745;2,7888;6,7813;7,348
11,390395;-0,0868;3,0075;4,1212;5,103
11,393261;-0,0780;2,8944;1,8212;3,421
11,412700;-0,6885;2,6093;-0,1688;2,704
11,414938;-1,4008;2,3364;-1,4888;3,104
11,424260;-2,0656;2,1479;-2,1916;3,699
11,433021;-2,4441;1,9437;-2,6031;4,065
11,443151;-2,4360;1,5768;-2,9183;4,115
11,453095;-2,1983;1,1144;-3,2893;4,110
11,463554;-2,0282;0,6277;-3,6339;4,209
11,473345;-2,0273;0,1484;-3,9805;4,469
11,486599;-2,1569;-0,3243;-4,4830;4,985
11,517102;-2,3733;-0,6766;-4,9992;5,575
11,519960;-2,7949;-1,0557;-5,2743;6,062
11,521747;-3,3622;-1,5230;-5,5850;6,694
11,523911;-3,9633;-2,1628;-6,0369;7,539
11,533333;-4,3323;-2,6245;-6,6619;8,369
11,543265;-4,6854;-2,7898;-7,2634;9,083
11,553233;-5,1941;-2,9012;-7,6724;9,709
11,563266;-5,4465;-3,2729;-7,9571;10,183
11,573217;-5,2990;-3,7053;-8,2432;10,477
11,587840;-4,8903;-3,9328;-8,6248;10,666
11,593462;-4,6611;-3,8843;-8,7991;10,688
11,616775;-4,5760;-3,7821;-8,7663;10,587
11,618949;-4,4692;-3,7423;-8,3977;10,223
11,624787;-4,4064;-3,4855;-7,4065;9,296
11,633161;-4,2324;-2,7529;-5,5863;7,530
11,643152;-3,9115;-1,9590;-3,5042;5,605
11,653236;-3,2885;-1,3224;-0,9340;3,665
11,663174;-1,7767;-0,9221;2,1198;2,916
11,673265;0,1091;-0,7528;5,8175;5,867
11,684427;2,1291;-1,0232;9,3416;9,636
11,713890;3,6598;-1,6851;12,2541;12,900
11,717011;4,2569;-2,2026;14,2151;15,001
11,718728;4,9017;-2,1344;14,8906;15,821
11,724471;5,4408;-1,6237;14,7107;15,768
11,733475;5,7719;-1,3283;14,4971;15,660
11,743061;5,8913;-1,2950;14,1033;15,339
11,753049;5,7352;-1,3959;13,0774;14,348
11,763350;5,3514;-1,7458;11,8401;13,110
11,773228;4,6450;-1,9539;10,5161;11,661
11,786564;3,4735;-1,9571;8,7184;9,587
11,793312;2,5077;-1,7640;7,1064;7,740
11,815742;1,9787;-1,5623;5,1657;5,748
11,817983;1,3230;-1,4763;2,9408;3,547
11,825306;0,6256;-1,2055;1,2990;1,879
11,835693;0,6448;-0,8955;-0,3270;1,151
11,844831;0,5505;-1,1118;-2,2022;2,528
11,853246;-0,2205;-0,4368;-2,3963;2,446
11,862983;-0,3651;-0,1606;-3,0156;3,042
11,873238;-0,0620;-0,6139;-3,6128;3,665
11,883340;-1,1707;-1,7828;-5,9088;6,282
11,898528;-1,3120;-1,6087;-5,7987;6,159
11,903357;-0,2555;-1,2005;-4,8048;4,959
11,925899;0,8685;-0,9003;-2,9696;3,222
11,928253;1,9470;-0,6952;0,0253;2,067
11,935777;3,7643;-0,8608;4,4692;5,906
11,947274;5,1002;-1,3599;4,8453;7,165
11,953150;5,1524;-1,4409;1,6935;5,612
11,963053;4,6804;-1,4349;-0,8611;4,971
11,972980;4,3312;-1,9158;-1,9948;5,139
11,983068;3,7016;-2,7917;-2,3462;5,196
11,995241;3,1033;-3,6775;-1,6613;5,091
12,022449;2,1916;-4,1112;0,8160;4,730
12,024946;1,1683;-4,1833;1,6571;4,649
12,026438;1,4238;-3,8961;0,6149;4,193
12,033324;2,3478;-3,4848;-0,1640;4,205
12,046221;3,8139;-3,3008;-0,1789;5,047
12,054139;5,3033;-3,3223;0,1146;6,259
12,062848;6,3066;-3,6645;0,5347;7,314
12,073038;6,5979;-4,1893;0,9784;7,877
12,083016;6,3490;-4,5229;1,1365;7,878
12,108682;5,6390;-4,2189;1,1224;7,131
12,111454;4,8525;-3,5648;1,6068;6,232
12,113370;4,3582;-2,9318;2,6401;5,879
12,122995;4,1377;-2,7465;3,7565;6,227
12,132919;4,2847;-2,9663;4,8917;7,147
12,143502;4,8836;-3,3397;5,9331;8,379
12,153935;5,5960;-3,6611;6,7191;9,480
12,163026;6,0897;-3,8068;7,2034;10,172
12,173167;5,9140;-3,5187;7,3144;10,043
12,186608;5,0034;-3,0665;6,5087;8,764
12,193170;3,9012;-2,7833;5,4457;7,254
12,211260;3,1182;-2,8752;5,1363;6,661
12,212876;2,5777;-3,0062;5,1004;6,457
12,223046;1,9637;-2,8997;4,6324;5,807
12,232765;1,6412;-2,8076;3,9272;5,099
12,242837;1,6795;-3,0128;3,3563;4,813
12,253662;1,7683;-3,3896;2,8966;4,797
12,264969;1,5696;-3,6997;2,3458;4,653
12,272976;1,1440;-3,8608;1,5558;4,317
12,283446;0,5723;-3,8415;0,7194;3,950
12,294905;-0,0511;-3,6533;-0,0246;3,654
12,302897;-0,4989;-3,3559;-0,7935;3,484
12,318962;-0,6956;-3,0498;-1,4493;3,448
12,322816;-0,5313;-2,7020;-2,1133;3,471
12,333029;-0,1460;-2,3456;-2,6254;3,524
12,342960;0,2959;-2,0403;-2,9680;3,614
12,353475;0,6452;-1,8890;-3,2143;3,784
12,364653;0,7403;-2,0015;-3,4823;4,084
12,372971;1,3022;-1,6406;-3,4311;4,020
12,382834;1,6803;-1,6463;-3,5463;4,256
12,395970;1,8795;-1,9090;-3,7068;4,574
12,403045;2,0430;-2,3003;-3,9417;5,000
12,421114;2,1208;-2,5013;-4,1390;5,281
12,423297;2,1818;-2,5346;-4,2864;5,437
12,433063;2,4236;-2,4554;-4,3082;5,519
12,442772;2,7940;-2,2852;-4,0674;5,438
12,453028;2,9061;-2,1106;-3,4754;4,998
12,463782;2,7407;-2,0392;-2,6175;4,304
12,472977;2,3281;-2,2142;-1,1813;3,423
12,482853;1,6874;-2,3119;0,6399;2,933
12,496146;1,0520;-2,2759;2,2634;3,378
12,503278;0,4885;-2,2965;3,5280;4,238
12,518846;-0,0277;-2,2525;4,7434;5,251
12,522919;-0,7292;-2,0456;6,3192;6,682
12,532836;-1,2101;-1,7002;8,0816;8,347
12,542880;-1,3374;-1,1767;10,2436;10,397
12,552923;-1,1643;-0,7397;11,6841;11,765
12,562946;-0,7420;-1,0357;11,7605;11,829
12,575619;-0,3110;-1,7805;12,5972;12,726
12,582835;-0,0251;-2,6909;12,8498;13,129
12,593140;-0,0399;-2,9463;12,0130;12,369
12,604048;-0,1096;-2,4774;10,1369;10,436
12,628355;-0,2024;-1,9825;8,5298;8,760
12,630216;-0,3053;-1,5924;6,9644;7,151
12,633103;-0,0475;-1,2065;4,3863;4,549
12,642860;0,2539;-0,9867;2,3279;2,541
12,653318;0,5124;-0,7424;0,7312;1,161
12,663029;0,6411;-0,4619;-0,4634;0,916
12,673478;0,7276;-0,1777;-1,6854;1,844
12,683246;0,7636;0,0476;-2,7103;2,816
12,693037;0,7351;0,2451;-3,5276;3,612
12,704336;1,3329;0,3811;-4,2886;4,507
12,712792;1,9241;0,2482;-4,9875;5,352
12,730140;2,2918;0,4475;-5,5740;6,043
12,732935;2,3823;0,8679;-5,4306;5,993
12,744401;2,7151;0,8011;-5,4485;6,140
12,753100;3,3155;0,3864;-5,5687;6,492
12,762796;3,8404;-0,0315;-5,5764;6,771
12,773238;4,1063;-0,3511;-5,5091;6,880
12,784381;4,1682;-0,7381;-5,1922;6,699
12,793003;3,9685;-1,4740;-4,3598;6,077
12,804881;3,2356;-1,9151;-3,1916;4,932
12,813211;2,5117;-2,0315;-2,3522;3,996
12,831706;1,5751;-2,2289;-1,0569;2,927
12,833640;1,0212;-2,6008;0,2893;2,809
12,842771;1,1120;-2,9993;1,4866;3,527
12,853330;1,5730;-3,4388;2,2549;4,403
12,863770;2,3679;-3,8055;2,8428;5,308
12,873178;3,1233;-4,0294;3,1570;5,996
12,885136;3,8430;-4,0898;3,1172;6,420
12,893269;4,4420;-3,9255;3,0760;6,679
12,906082;4,9213;-3,5920;2,9500;6,769
12,913362;5,3182;-3,3116;2,7819;6,855
12,937831;5,5039;-3,1378;2,5512;6,830
12,939475;5,4279;-3,0171;2,3876;6,653
12,943581;5,1805;-3,1901;2,3035;6,505
12,953184;4,9352;-3,4381;2,3003;6,440
12,965773;4,7959;-3,6322;2,2304;6,416
12,974383;4,6936;-3,6173;1,8732;6,215
12,983786;4,5856;-3,4435;1,4509;5,915
13,000073;4,5513;-3,1051;1,0278;5,605
13,003017;4,5958;-2,7576;0,6895;5,404
13,023502;4,7165;-2,4820;0,4123;5,346
13,024488;4,9128;-2,1041;0,4600;5,364
13,032974;5,2711;-1,9172;0,7257;5,656
13,042681;5,7017;-1,9678;0,8588;6,093
13,052549;5,9659;-2,0533;1,1189;6,408
13,062795;5,9081;-2,0789;1,4644;6,432
13,073850;5,2428;-2,0412;1,9387;5,951
13,082729;4,1509;-2,1220;2,6416;5,358
13,106933;3,0044;-2,2102;3,8644;5,371
13,109539;2,1303;-2,1946;5,3236;6,140
13,112715;1,4661;-2,1298;6,9011;7,370
13,122838;1,1413;-1,9380;8,4840;8,777
13,132835;0,9017;-1,5515;10,0036;10,163
13,142695;0,5899;-0,9488;10,9926;11,049
13,152654;0,1356;-0,4017;11,1989;11,207
13,162628;-0,3867;-0,0434;10,5869;10,594
13,172843;-0,7918;0,0816;9,2397;9,274
13,182637;-1,0968;0,1676;7,9719;8,049
13,196960;-1,2513;0,3285;6,8206;6,942
13,218343;-1,2747;0,4631;5,6678;5,828
13,220124;-1,2650;0,5794;4,5036;4,714
13,222700;-1,1860;0,6720;3,3722;3,637
13,232667;-0,9537;0,6819;2,3965;2,668
13,242610;-0,6918;0,5788;1,4652;1,721
13,252799;-0,5373;0,3362;0,2622;0,686
13,262652;-0,5332;0,1267;-0,8626;1,022
13,272747;-0,6536;-0,0061;-1,9176;2,026
13,283241;-0,8167;-0,0396;-2,7646;2,883
13,298288;-1,1530;0,0013;-3,5196;3,704
13,320677;-1,4971;0,1920;-3,9490;4,228
13,322616;-1,7612;0,2827;-4,2279;4,589
13,323899;-1,9836;0,3039;-4,2476;4,698
13,333223;-1,9371;0,3371;-4,0429;4,496
13,342880;-1,6554;0,4420;-3,9075;4,267
13,352929;-1,6088;0,6828;-4,0395;4,401
13,362931;-1,7187;1,0865;-4,3444;4,797
13,372829;-1,3367;1,3584;-4,1763;4,591
13,382822;-1,0927;1,3072;-3,9471;4,299
13,399446;-1,0692;0,9751;-3,9494;4,206
13,423722;-1,2976;0,6595;-4,1774;4,424
13,425713;-1,8457;0,6240;-4,2223;4,650
13,426944;-2,4199;0,6722;-4,2089;4,901
13,433008;-2,9244;0,8170;-3,9867;5,011
13,442955;-3,2814;1,0465;-3,6544;5,022
13,452874;-3,3509;1,2450;-3,2426;4,826
13,462797;-3,2653;1,4113;-2,8544;4,561
13,472879;-3,3504;1,4674;-2,3860;4,367
13,483102;-3,5176;1,4468;-1,9636;4,280
13,500307;-3,7330;1,6032;-1,7093;4,408
13,504347;-3,9779;1,7285;-1,5464;4,605
13,527539;-4,2115;1,3002;-1,3938;4,623
13,529593;-4,4539;0,6401;-0,8186;4,573
13,533236;-4,3779;0,2212;0,2596;4,391
13,542845;-3,8318;0,2957;1,4795;4,118
13,552929;-3,1045;0,6313;3,2527;4,540
13,562811;-2,6693;0,5538;4,8538;5,567
13,572944;-2,9737;0,2774;6,8628;7,485
13,582768;-3,9207;0,9476;7,2149;8,266
13,597175;-3,4808;1,4324;6,7848;7,759
13,621047;-1,7484;0,6756;7,3705;7,605
13,623136;0,1938;-0,6479;7,7472;7,777
13,624681;1,4565;-1,3000;7,2190;7,478
13,633166;2,6001;-1,5015;6,5279;7,185
13,642962;3,0862;-1,3994;5,7646;6,687
13,653086;2,9434;-1,0297;4,9871;5,882
13,663025;2,8051;-0,7715;3,8603;4,834
13,673036;2,6110;-0,5940;2,6575;3,773
13,684042;2,5359;-0,3619;1,9024;3,191
13,698803;2,4949;-0,1954;1,4249;2,880
13,702979;2,2372;-0,1586;0,8383;2,394
13,726256;2,0507;-0,3052;0,1972;2,083
13,728162;2,0376;-0,4363;-0,4893;2,140
13,732871;1,9823;-0,5559;-1,0332;2,303
13,742776;1,7205;-0,7850;-1,5581;2,450
13,752820;0,6691;-1,1125;-1,5246;2,002
13,762717;0,7279;-0,8600;-1,0972;1,573
13,773200;0,3513;-0,3538;-1,5813;1,658
13,782611;0,0034;-0,3053;-1,8192;1,845
13,795409;0,5437;-0,8045;-1,9889;2,213
13,817556;1,1383;-1,2583;-2,2313;2,803
13,820354;1,9170;-1,6254;-2,0443;3,240
13,825091;2,0660;-1,5643;-1,9949;3,270
13,834084;1,3610;-1,2671;-2,1808;2,866
13,843498;0,8893;-1,4245;-2,3218;2,865
13,853106;0,9189;-2,0510;-2,7456;3,548
13,862857;1,2721;-2,6373;-3,2178;4,351
13,873064;1,7592;-2,8445;-3,6481;4,949
13,882892;2,2391;-2,7485;-3,7266;5,143
13,897416;2,7540;-2,3856;-3,7954;5,261
13,902863;3,1625;-1,9148;-3,9395;5,403
13,926102;3,8625;-1,6157;-3,9060;5,726
13,928263;4,7084;-1,2995;-3,7726;6,172
13,934731;5,4870;-0,7410;-3,4607;6,529
13,942811;6,1231;-0,0984;-3,2845;6,949
13,953496;6,2045;0,3039;-3,3381;7,052
13,963189;5,8209;0,3916;-3,3906;6,748
13,972909;5,1813;0,1603;-3,3834;6,190
13,982912;4,5221;-0,1507;-3,2650;5,580
13,996922;3,9594;-0,4472;-3,0982;5,047
14,002884;3,6649;-0,6600;-2,9378;4,743
14,027823;3,7093;-0,6227;-2,5525;4,546
14,030023;3,9548;-0,2884;-1,7924;4,352
14,037191;4,4354;0,0291;-0,8967;4,525
14,045359;5,1013;0,1948;0,1759;5,108
14,053894;5,8653;0,2230;1,4898;6,056
14,062829;6,2105;0,2829;2,8730;6,849
14,072941;6,3101;0,2290;4,4447;7,722
14,082907;5,9393;0,2463;5,7068;8,240
14,094047;5,2017;0,0389;6,1941;8,089
14,119932;4,5953;-0,4019;5,5632;7,227
14,122223;3,9386;-0,8066;4,6972;6,183
14,123845;3,6591;-1,0673;3,9510;5,490
14,133166;3,5875;-1,0186;2,9912;4,781
14,143857;3,5044;-0,6985;2,0853;4,137
14,154762;3,3030;-0,3226;1,2778;3,556
14,163427;3,0756;-0,0216;0,5958;3,133
14,172949;2,5733;0,2355;-0,1288;2,587
14,182835;2,1040;0,3010;-0,7506;2,254
14,193650;1,7889;0,2431;-1,2198;2,179
14,218061;1,5596;0,1953;-1,6450;2,275
14,219768;1,3952;0,2334;-1,9932;2,444
14,222893;1,5104;0,2693;-2,1885;2,673
14,232767;1,6729;0,2887;-2,2238;2,798
14,244783;1,7203;0,3567;-2,2671;2,868
14,263784;1,7132;0,4808;-2,1336;2,778
14,265963;1,7010;0,5983;-1,9661;2,668
14,272952;1,5418;0,6942;-1,8115;2,478
14,282967;1,4551;0,6333;-1,5733;2,235
14,294478;1,3403;0,5886;-1,5405;2,125
14,322061;1,0568;0,6193;-1,6003;2,015
14,324691;0,7840;0,6563;-1,6278;1,922
14,325920;0,5218;0,7490;-1,6638;1,898
14,334353;0,3518;0,7849;-1,8662;2,055
14,342828;0,2881;0,8420;-1,9840;2,174
14,354500;0,1802;0,8845;-1,7854;2,001
14,363151;0,0471;0,9470;-1,4697;1,749
14,372906;-0,0094;0,9852;-1,2245;1,572
14,383020;-0,2304;1,0377;-1,2181;1,617
14,393438;-0,4088;1,0120;-1,3174;1,711
14,408839;-0,4409;0,9725;-1,4126;1,771
14,413323;-0,5597;0,9887;-1,3676;1,778
14,441207;-0,8444;1,1226;-1,1254;1,800
14,444201;-1,0236;1,2054;-0,9040;1,822
14,445821;-1,3225;1,2475;-0,6335;1,925
14,453481;-1,6692;1,2194;-0,3929;2,104
14,468703;-2,0892;1,2241;-0,0304;2,422
14,472959;-2,4229;1,1582;0,1817;2,692
14,482754;-2,4046;1,0429;0,3139;2,640
14,494924;-2,4090;1,0022;0,4238;2,643
14,502991;-2,3762;1,0746;0,7125;2,704
14,520130;-2,2463;1,1865;0,9626;2,717
14,522854;-2,1596;1,2571;1,2562;2,797
14,532731;-1,9020;1,0342;1,6105;2,698
14,542911;-1,6773;0,7464;2,2028;2,868
14,553395;-1,8857;0,5907;2,7659;3,399
14,563944;-1,9091;0,3509;3,0237;3,593
14,572965;-1,6754;-0,0031;3,2146;3,625
14,582938;-1,3843;-0,2373;3,3758;3,656
14,594123;-1,1658;-0,2447;3,7074;3,894
14,603006;-1,1277;-0,1142;3,9103;4,071
14,619127;-1,1407;-0,0431;3,7764;3,945
14,623049;-1,2954;-0,0541;3,5136;3,745
14,633189;-1,3861;-0,1704;3,3683;3,646
14,642977;-1,3541;-0,2886;3,1082;3,403
14,653061;-1,1991;-0,3541;2,6567;2,936
14,663589;-0,8890;-0,4080;2,2263;2,432
14,675414;-0,5039;-0,4823;1,9713;2,091
14,682834;-0,2738;-0,4381;1,8360;1,907
14,693121;-0,0875;-0,4087;1,6335;1,686
14,704179;0,0394;-0,4588;1,1133;1,205
14,730673;0,0324;-0,6083;0,2092;0,644
14,733431;0,0269;-0,7722;-0,6870;1,034
14,734986;0,0376;-0,9213;-1,4883;1,751
14,742864;0,0542;-1,0397;-2,1393;2,379
14,752850;0,1165;-1,1033;-2,6922;2,912
14,762922;0,2403;-1,0888;-3,0891;3,284
14,775523;0,3742;-0,9852;-3,3830;3,543
14,783216;0,3292;-0,7637;-3,3928;3,493
14,792905;0,2401;-0,6189;-3,0675;3,139
14,802843;0,4362;-0,5511;-2,7968;2,884
14,828271;0,5017;-0,4597;-2,5628;2,652
14,830506;0,6988;-0,4312;-2,4180;2,554
14,833027;0,9873;-0,4092;-2,2335;2,476
14,843001;1,3326;-0,3353;-2,0692;2,484
14,852728;1,8322;-0,2054;-1,8941;2,643
14,862995;2,3639;0,0510;-1,7690;2,953
14,873913;2,7947;0,2435;-1,6799;3,270
14,884402;3,0721;0,3741;-1,4115;3,402
14,893272;3,4485;0,3375;-0,9468;3,592
14,903151;3,6474;0,1865;-0,3694;3,671
14,914000;3,5950;0,0529;0,2465;3,604
14,942881;3,2918;0,1177;0,8218;3,395
14,945061;2,9803;0,1056;1,1665;3,202
14,946258;3,0650;-0,0841;1,3049;3,332
14,952879;3,2841;-0,2593;1,1853;3,501
14,962755;3,5959;-0,3667;1,0007;3,751
14,973522;3,8610;-0,4559;0,6483;3,941
14,984206;3,7886;-0,4625;0,2391;3,824
14,993042;3,5449;-0,4877;-0,3260;3,593
15,002967;3,3383;-0,4996;-0,9750;3,513
15,013836;3,0250;-0,5736;-1,6611;3,498
15,039601;3,0426;-0,6821;-2,0660;3,740
15,041513;3,2397;-0,7336;-2,2269;3,999
15,042759;3,4600;-0,7657;-2,2230;4,183
15,052763;3,8000;-0,7558;-1,7336;4,245
15,062807;4,0138;-0,5971;-0,6964;4,117
15,073013;4,0950;-0,3821;0,4253;4,135
15,083870;3,9217;-0,3097;1,2438;4,126
15,092938;3,4262;-0,3897;2,3443;4,170
15,102926;2,9837;-0,6003;3,2635;4,462
15,115594;2,6006;-0,8884;3,9783;4,835
15,123099;2,3435;-1,1571;4,3505;5,075
15,138318;2,2745;-1,4055;4,3523;5,108
15,142796;2,3334;-1,6012;4,0381;4,931
15,152778;2,3949;-1,6745;3,6482;4,674
15,162806;2,4463;-1,5026;3,1866;4,289
15,172727;2,5207;-1,2234;2,4592;3,728
15,182959;2,5792;-1,0498;1,7067;3,266
15,198656;2,9913;-1,2905;0,2722;3,269
15,202990;2,8022;-1,2791;-0,3445;3,100
15,216925;2,2920;-1,1463;0,1958;2,570
15,223106;1,5988;-0,6602;0,6511;1,848
15,232869;1,2018;-0,3018;0,6465;1,398
15,242693;1,0869;-0,0245;0,0259;1,087
15,253022;1,0769;0,0767;-0,8464;1,372
15,262735;1,0551;0,1813;-1,4940;1,838
15,272807;0,8981;0,2554;-2,4410;2,613
15,282749;0,6663;0,1647;-3,2115;3,284
15,297042;0,4982;-0,0881;-3,8284;3,862
15,318198;0,2916;-0,3680;-4,1773;4,204
15,320414;0,0405;-0,5492;-4,2410;4,277
15,323195;-0,2683;-0,6130;-4,0547;4,110
15,332831;-0,5946;-0,5220;-3,7400;3,823
15,342965;-0,8269;-0,3470;-3,4210;3,537
15,353196;-0,9545;-0,1456;-3,1568;3,301
15,362947;-0,9448;0,0430;-3,0421;3,186
15,373954;-0,8265;0,3337;-3,0832;3,210
15,382996;-0,7321;0,7566;-2,5386;2,748
15,399089;-0,5867;1,1059;-1,8986;2,274
15,420020;-0,5625;1,2749;-1,3152;1,916
15,424305;-0,5656;1,3225;-1,0001;1,752
15,425396;-0,6328;1,3845;-1,0696;1,860
15,432812;-0,8782;1,4657;-1,3523;2,179
15,442653;-1,2343;1,5213;-1,4983;2,466
15,452882;-1,5482;1,5514;-1,5136;2,664
15,462861;-1,7659;1,6302;-1,3054;2,735
15,472911;-1,9283;1,7553;-0,8378;2,739
15,482732;-2,0072;2,0009;-0,3068;2,851
15,496239;-1,8707;2,0331;0,3715;2,788
15,504090;-1,6282;1,9099;1,0172;2,708
15,523403;-1,3277;1,6691;1,5109;2,614
15,524827;-1,1767;1,4182;1,7870;2,567
15,532859;-1,1501;1,1369;1,8205;2,435
15,542966;-1,1939;0,8852;1,6032;2,186
15,552957;-1,4094;0,4774;1,4842;2,102
15,562993;-1,8638;0,1868;1,7320;2,551
15,572982;-2,4265;0,0354;2,4592;3,455
15,582687;-2,5745;0,1492;3,2671;4,162
15,592952;-2,2727;0,4419;4,3578;4,935
15,606920;-1,8705;0,8958;5,1916;5,590
15,630171;-1,2439;1,0078;5,6774;5,899
15,631385;-0,5365;0,7744;5,9141;5,989
15,632946;0,0966;0,1024;5,8981;5,900
15,642871;0,5836;-0,5344;5,6011;5,657
15,653072;0,8739;-1,0590;5,2208;5,398
15,662966;0,8482;-1,3060;4,6844;4,936
15,672978;0,7740;-1,3428;3,9962;4,286
15,682927;0,7329;-1,1678;3,2676;3,547
15,692770;0,7539;-0,8704;2,6506;2,890
15,706087;0,9131;-0,6380;2,2385;2,500
15,730022;1,3566;-0,4542;1,8262;2,320
15,731440;1,9959;-0,3986;1,4243;2,484
15,732754;2,5952;-0,3356;1,1384;2,854
15,742871;2,9608;-0,4342;0,6557;3,063
15,752834;3,0115;-0,5749;-0,0092;3,066
15,762762;2,8579;-0,6055;-0,6074;2,984
15,772892;2,5712;-0,8988;-1,3596;3,044
15,782673;2,6060;-1,2589;-2,2798;3,684
15,793077;2,6777;-1,3424;-2,8340;4,124
15,807149;2,4928;-1,1523;-3,1623;4,188
15,837091;2,4699;-1,0794;-2,9281;3,980
15,839604;2,0845;-1,5205;-2,7491;3,770
15,841659;1,1606;-2,0515;-2,7529;3,624
15,843145;0,1723;-2,2400;-2,3093;3,222
15,852957;-0,6597;-2,0369;-1,7311;2,753
15,862996;-1,2810;-1,9748;-1,9843;3,079
15,872877;-0,5600;-0,9332;-1,3011;1,696
15,882735;0,8407;0,2236;-0,9304;1,274
15,892627;2,4361;0,7045;-0,9198;2,698
15,906600;3,4061;0,6409;-1,2380;3,680
15,927201;3,5321;0,3438;-1,6643;3,920
15,929079;3,2688;0,1250;-1,2413;3,499
15,936902;2,9021;0,0234;-0,5531;2,954
15,942698;2,3432;-0,2743;-0,1774;2,366
15,952808;1,9074;-0,3360;-0,5661;2,018
15,962994;2,0264;-0,2300;-2,1387;2,955
15,972918;2,2198;-0,2436;-3,8480;4,449
15,982966;2,1118;-0,3798;-4,8699;5,322
15,992991;1,6876;-0,7636;-4,9884;5,321
16,007175;1,2155;-1,6431;-5,5323;5,898
16,037465;0,6287;-2,3000;-4,1943;4,825
16,039483;0,5910;-2,3387;-2,8519;3,735
16,040909;0,8830;-1,8843;-0,8928;2,264
16,043116;1,6376;-0,8620;0,6262;1,954
16,053062;2,6947;-0,2783;1,0662;2,911
16,063218;4,2453;-0,4426;0,6259;4,314
16,072988;5,2803;-0,7967;0,0251;5,340
16,082923;5,3743;-0,9225;-0,1208;5,454
16,092971;5,0438;-0,9602;0,4228;5,152
16,105855;4,6093;-1,0993;1,5381;4,982
16,133623;4,3244;-1,1720;3,2513;5,536
16,135201;4,2064;-1,2528;5,1502;6,767
16,136214;4,1148;-1,2485;6,5617;7,845
16,143213;4,3383;-1,3521;7,4146;8,696
16,153001;4,2905;-1,2419;7,4313;8,670
16,163358;4,2997;-0,8642;7,0324;8,288
16,173016;4,3066;-0,6067;5,4305;6,957
16,183047;4,9891;-0,1489;5,7471;7,612
16,193200;5,6015;1,0184;7,0324;9,048
16,207329;6,9896;1,7466;7,4173;10,340
16,237439;9,0010;0,3850;6,5661;11,148
16,239627;8,2380;0,9997;4,6708;9,523
16,241312;6,0781;1,9632;3,1200;7,109
16,247475;4,0862;2,5089;2,0308;5,207
16,252851;4,2150;1,7540;1,1974;4,720
16,262852;4,0826;0,2054;0,8670;4,179
16,272927;3,2936;-0,0780;-0,2696;3,306
16,283070;2,2865;-0,0290;-1,5626;2,770
16,292842;1,3764;-0,0524;-2,7542;3,079
16,306366;0,7967;0,0409;-3,0737;3,175
16,334740;0,6223;-0,2044;-3,2270;3,293
16,337086;0,5254;-0,2076;-4,2587;4,296
16,338440;0,7730;-0,4830;-4,5262;4,617
16,345475;1,2273;-0,6164;-4,6999;4,896
16,353514;2,1234;-0,4259;-4,3382;4,849
16,363326;2,3946;-0,1356;-4,3583;4,975
16,373502;1,8910;0,2083;-4,3440;4,742
16,383211;1,2042;0,3623;-3,7149;3,922
16,393223;0,4026;0,6313;-2,7616;2,861
16,407589;-2,9145;0,6691;-1,8223;3,502
16,413367;-5,7436;1,2149;-1,2317;5,998
16,439003;-6,7420;1,6481;-0,5414;6,962
16,441171;-5,6743;1,5140;-1,4358;6,046
16,448346;-3,9477;1,0763;-3,1457;5,161
16,457229;-2,4085;1,1100;-4,6201;5,327
16,462675;-1,8669;1,3766;-5,1309;5,631
16,472849;-1,1133;1,1162;-5,0498;5,290
16,482962;-0,4709;0,9897;-4,4449;4,578
16,492865;-1,0870;1,9049;-2,7295;3,501
16,506511;-2,0550;2,8236;-0,8614;3,597
16,513257;-2,4767;3,1463;0,4390;4,028
16,538055;-2,7434;3,2123;0,8853;4,316
16,540507;-2,6758;3,1688;0,7699;4,218
16,546927;-2,3708;3,0858;0,3566;3,908
16,556323;-2,1687;2,9450;0,7690;3,737
16,562925;-1,8108;2,5737;2,1717;3,823
16,573020;-1,0560;2,1523;3,8776;4,559
16,583159;0,3071;1,3856;5,7353;5,908
16,593132;1,6475;0,4044;7,1803;7,378
16,606875;2,1962;-0,8459;8,1600;8,493
16,613311;1,8870;-1,8445;8,6047;9,000
16,634518;1,5578;-2,3701;9,1057;9,537
16,636132;1,3244;-2,8707;9,3346;9,855
16,643058;1,5687;-3,4124;8,9085;9,668
16,653313;2,0193;-3,9557;7,9707;9,125
16,664753;1,7464;-4,6509;7,8343;9,277
16,673327;2,4519;-4,4367;6,2955;8,083
16,683019;3,3015;-3,7460;4,0538;6,432
16,693041;3,6752;-3,4529;2,9168;5,826
16,703148;3,9128;-3,2741;2,2495;5,576
16,717082;4,0127;-2,7378;1,3038;5,030
16,723047;3,8191;-2,7399;1,0900;4,825
16,746288;4,0459;-2,7425;1,6196;5,149
16,748355;3,9118;-2,1161;2,7134;5,210
16,756360;3,3903;-1,1011;3,4412;4,955
16,764906;2,6806;-0,2961;2,8874;3,951
16,773052;1,7018;-0,0097;0,9312;1,940
16,783056;0,1877;0,0162;-3,1936;3,199
16,793078;-1,2306;0,0798;-6,2051;6,326
16,803293;-2,2941;-0,0498;-7,2301;7,585
16,814713;-3,2123;0,1530;-8,2923;8,894
16,846818;-3,7376;0,2356;-9,1677;9,903
16,849467;-3,7226;0,1226;-9,8693;10,549
16,850994;-2,8548;0,2947;-10,1166;10,516
16,857136;-1,5412;0,7858;-10,0357;10,184
16,868223;-1,1559;1,8954;-9,4185;9,677
16,876850;-2,4992;2,8639;-8,5434;9,351
16,883128;-3,3256;3,6985;-8,0313;9,447
16,892797;-2,7763;4,0983;-8,3724;9,726
16,903818;-1,4945;3,8890;-9,0168;9,933
16,935475;-0,1938;3,6945;-9,4254;10,125
16,937772;0,6405;3,8577;-9,4423;10,220
16,939198;1,0147;4,1604;-9,2113;10,158
16,944678;1,3187;4,4365;-8,4294;9,616
16,952966;1,1179;4,6801;-7,2914;8,736
16,963307;0,7452;4,7143;-6,1684;7,799
16,974046;0,4941;4,6637;-4,9649;6,830
16,983049;0,7264;4,4096;-3,7502;5,834
16,992996;0,9456;4,1395;-2,9144;5,150
17,004615;0,9540;4,1422;-1,9972;4,697
17,013123;0,8283;4,3863;-0,9715;4,568
17,033440;0,9907;5,0940;0,4441;5,208
17,035384;1,5568;6,0668;2,5742;6,772
17,042590;2,6833;6,8624;5,0414;8,928
17,052816;4,7564;7,3290;7,3541;11,420
17,062911;7,9032;7,0378;9,5638;14,264
17,073890;10,4173;6,4064;10,9936;16,444
17,084952;11,3243;5,7764;11,2488;16,975
17,093415;10,1106;4,8024;9,8651;14,920
17,103177;8,3227;3,9154;7,9522;12,159
17,116609;6,9499;3,1233;6,2263;9,840
17,122941;6,4426;2,2164;5,3938;8,690
17,146624;6,9599;1,6287;5,2064;8,843
17,149110;7,6343;0,9675;5,6854;9,568
17,155519;7,9182;0,5155;6,0570;9,983
17,164546;7,9960;0,0290;5,8213;9,891
17,173207;8,1532;-0,7450;5,4831;9,854
17,183890;8,5929;-1,3057;5,2172;10,137
17,193000;8,8011;-1,9941;4,4718;10,071
17,203050;7,6665;-2,8639;4,4715;9,326
17,215015;6,3288;-3,5608;3,5545;8,085
17,223081;4,9860;-4,1669;3,4613;7,362
17,243000;3,1438;-5,2612;4,1326;7,392
17,244647;1,6594;-6,4897;5,2863;8,533
17,252970;1,1544;-7,6233;6,0673;9,811
17,262739;1,5820;-7,9020;7,0869;10,732
17,272899;2,9813;-6,8828;8,8497;11,601
17,283381;4,5713;-5,4507;10,1431;12,389
17,293412;5,2076;-4,9517;10,0270;12,336
17,302900;4,9001;-5,2257;8,5998;11,193
17,312731;3,7736;-5,2721;6,5842;9,240
17,339210;1,4929;-4,2252;4,3247;6,228
17,341753;-1,1218;-2,4376;1,7894;3,225
17,343498;-2,2618;-0,9565;-1,2741;2,767
17,352930;-1,8181;-0,4005;-4,6174;4,979
17,362895;-1,8232;-0,2613;-7,9667;8,177
17,373082;-2,6457;0,0984;-11,7413;12,036
17,383456;-4,5218;0,9528;-13,9260;14,673
17,393477;-5,9114;3,7393;-15,6393;17,132
17,402997;-8,3202;3,4356;-17,0226;19,256
17,413015;-9,0657;2,8460;-15,1358;17,871
17,424891;-6,6602;3,2938;-11,4309;13,634
17,432968;-4,7874;3,3508;-7,9095;9,834
17,453798;-3,0608;2,8614;-3,8810;5,711
17,455847;-2,1474;2,3085;-1,5319;3,505
17,462810;-1,7163;2,3547;0,1951;2,920
17,473038;-2,0510;3,0905;0,6475;3,765
17,482922;-1,7455;4,8059;-0,0689;5,114
17,494133;-0,9535;6,5363;-1,5193;6,778
17,503242;-0,9210;7,7423;-2,9508;8,337
17,512970;-1,7002;8,5141;-4,4852;9,772
17,528988;-2,6285;8,8298;-5,9019;10,941
17,534404;-3,7814;8,8928;-6,9430;11,899
17,558372;-4,9002;8,9755;-6,7724;12,265
17,561305;-6,0498;9,0629;-4,6159;11,834
17,563334;-7,0705;8,8453;-4,6520;12,242
17,573284;-7,6796;7,2243;-4,0017;11,277
17,583749;-8,6625;6,0885;-1,7618;10,734
17,593068;-9,4067;5,3763;0,8999;10,872
17,603753;-10,2325;4,5415;3,6224;11,766
17,613316;-10,5480;3,0657;6,0613;12,546
17,624894;-9,8182;1,4547;8,4940;13,064
17,633402;-8,0267;-0,6069;11,6194;14,135
17,654559;-6,2113;-3,0120;14,3758;15,947
17,656962;-3,2639;-4,2507;18,0747;18,852
17,663972;-0,0937;-4,2501;23,5140;23,895
17,673084;0,0724;-4,6603;28,3113;28,692
17,682942;-0,7185;-6,8651;28,1427;28,977
17,693360;-0,9764;-8,3148;22,1877;23,715
17,709611;-1,6463;-7,3191;14,6580;16,466
17,714475;-1,8561;-5,5675;6,9147;9,069
17,744062;-1,6440;-5,1327;1,8367;5,694
17,746412;-2,0466;-5,5238;-1,6213;6,110
17,748106;-1,5384;-6,1497;-3,3892;7,188
17,753339;0,8796;-7,0964;-3,7992;8,097
17,762881;3,5790;-7,9333;-3,1719;9,263
17,772894;5,8073;-8,5785;-2,2293;10,596
17,783166;8,3598;-9,1216;-2,4271;12,609
17,793156;9,7793;-8,5472;-2,8216;13,291
17,811352;10,5926;-7,1663;-3,2701;13,200
17,813669;11,3332;-5,3975;-3,8279;13,124
17,823110;11,8852;-3,8227;-4,7470;13,357
17,846627;11,6640;-2,8980;-6,3841;13,609
17,849215;10,5405;-2,3009;-8,3906;13,667
17,853194;9,1900;-1,5434;-10,6541;14,154
17,863227;7,3478;-0,5188;-12,6825;14,666
17,872989;6,3268;-0,5666;-13,4013;14,831
17,882987;6,3509;-2,3711;-14,2344;15,766
17,893193;7,1915;-2,1545;-14,1015;15,975
17,911430;8,6928;-0,7833;-11,8779;14,740
17,914498;10,4400;-0,2378;-8,2963;13,337
17,945911;11,3454;-0,5838;-3,7870;11,975
17,948650;11,0338;-1,4703;-1,1811;11,194
17,949692;11,2412;-4,3312;1,4298;12,131
17,952910;8,9932;-7,7712;2,8769;12,229
17,963206;5,7247;-9,8918;3,2022;11,869
17,973067;3,3547;-9,5057;2,2318;10,324
17,982898;2,1801;-7,9720;1,4743;8,395
17,992908;2,4892;-6,1615;0,7229;6,684
18,010207;3,0766;-3,6839;0,3548;4,813
18,014272;3,6549;-1,1246;1,8702;4,257
18,042059;3,9152;-0,5302;5,7967;7,015
18,044563;3,7033;-2,7336;10,4792;11,446
18,046140;3,2282;-3,8085;15,1314;15,934
18,055530;1,7548;-2,0695;19,2350;19,425
18,062959;-0,2272;0,9085;21,1704;21,191
18,073008;-1,1911;3,1165;19,2503;19,537
18,083005;-0,5034;4,3891;14,3172;14,983
18,093095;0,8288;5,3614;7,3440;9,130
18,106695;1,7521;6,0275;1,8651;6,548
18,136735;2,6174;6,0881;-2,5314;7,094
18,138237;3,0332;5,1945;-5,9713;8,476
18,139134;1,8744;3,7527;-8,2380;9,245
18,143027;-1,5783;2,3915;-9,8335;10,242
18,152895;-5,4462;1,3032;-10,3106;11,733
18,162980;-9,5168;0,6684;-9,4080;13,399
18,173218;-11,2997;1,1838;-7,5196;13,625
18,182726;-11,0317;2,1276;-6,0125;12,743
18,192877;-9,4192;2,7083;-5,7002;11,338
18,207393;-6,8962;2,8240;-6,7099;10,028
18,238319;-4,3235;2,9985;-8,8544;10,300
18,240568;-3,0330;3,4713;-11,2677;12,174
18,242152;-3,9381;3,8543;-13,5631;14,640
18,245623;-5,8501;4,2165;-15,6050;17,191
18,252755;-7,4182;4,4292;-16,3709;18,511
18,262840;-9,4043;4,2910;-15,3496;18,506
18,273054;-11,9183;4,5485;-11,9669;17,491
18,282787;-11,9088;5,0339;-8,3153;15,372
18,292874;-10,4741;4,5711;-4,1407;12,155
18,310539;-8,9782;3,8360;0,7934;9,796
18,313073;-9,1106;3,1903;5,1414;10,937
18,340086;-8,6718;2,4322;13,6154;16,325
18,342387;-8,4455;-0,0485;21,2282;22,847
18,343766;-8,1798;-2,6549;26,8248;28,170
18,352811;-6,5820;-4,7959;28,2642;29,414
18,363167;-3,7863;-5,3850;25,7580;26,586
18,373193;-0,2530;-4,6657;22,5560;23,035
18,382965;2,4934;-3,2635;20,8904;21,290
18,392949;3,2903;-2,8259;20,0957;20,558
18,408860;3,5919;-4,5929;17,9726;18,895
18,413310;4,2579;-4,8925;14,4848;15,871
18,440931;5,3694;-3,8113;11,6501;13,382
18,443546;6,8243;-3,2299;9,4793;12,119
18,446243;7,8256;-3,5619;7,6829;11,531
18,453088;8,0061;-3,9466;5,9063;10,703
18,462876;6,9030;-3,9822;4,4787;9,142
18,472971;5,7227;-4,1924;1,4008;7,231
18,482869;5,3928;-4,4665;-1,1798;7,101
18,492927;5,8286;-4,9094;-3,5944;8,426
18,507469;6,5586;-5,3552;-5,6087;10,156
18,514683;7,3211;-5,5412;-7,3532;11,763
18,535899;7,7342;-5,8857;-8,8691;13,158
18,538210;7,8742;-6,1153;-10,2961;14,332
18,546816;7,7535;-6,4327;-11,4058;15,218
18,552829;7,2090;-6,9541;-12,9843;16,399
18,563072;6,8546;-6,4607;-13,8101;16,717
18,572801;6,8640;-6,3592;-14,7102;17,434
18,582801;6,9144;-6,6652;-15,5264;18,257
18,593009;6,5696;-6,4875;-15,6386;18,161
18,605234;7,0893;-5,6674;-14,9388;17,480
18,636611;8,4986;-5,0734;-14,0226;17,164
18,638405;10,2634;-5,2346;-12,8154;17,233
18,639517;11,9213;-5,7275;-11,1528;17,300
18,647839;12,2898;-5,9791;-8,5065;16,098
18,657432;10,9691;-5,9364;-5,2917;13,549
18,662833;9,0489;-5,5527;-2,2636;10,855
18,672937;6,7456;-4,3716;1,2824;8,140
18,683032;5,0863;-2,9695;4,3691;7,333
18,693024;5,6579;-1,6451;6,2647;8,600
18,705564;7,7944;-0,5550;6,7011;10,294
18,738628;9,3653;0,7652;5,4301;10,853
18,741167;9,5788;1,8933;3,9132;10,519
18,742466;8,2975;2,6854;3,2967;9,324
18,743854;5,3364;3,1362;3,8245;7,276
18,752863;2,0348;3,5422;5,4989;6,850
18,762952;-0,7086;4,1552;8,1866;9,208
18,773126;-2,1650;4,7226;12,3562;13,404
18,783115;-2,3778;4,5953;16,2966;17,098
18,793414;-1,3192;4,7799;17,2416;17,941
18,804410;2,0973;5,8881;15,8838;17,069
18,836620;4,6398;6,6440;12,2952;14,726
18,839178;5,3110;5,8750;8,1613;11,372
18,840722;4,1686;3,5889;4,8727;7,349
18,847608;0,0265;0,6250;3,2745;3,334
18,855511;-7,6285;0,1003;1,4079;7,758
18,863185;-16,9398;2,2242;-0,1884;17,086
18,873061;-21,5543;3,6594;-1,6782;21,927
18,882912;-20,7759;3,2282;-3,5589;21,324
18,892912;-16,8507;2,0818;-5,3919;17,814
18,904353;-12,6765;1,6012;-6,7295;14,441
18,935597;-10,4954;1,8871;-8,7895;13,819
18,938056;-10,9219;2,2181;-10,4807;15,299
18,939964;-12,9228;2,2596;-11,3512;17,348
18,946549;-13,9092;1,8640;-9,2948;16,832
18,955284;-12,9961;1,1766;-5,0076;13,977
18,964392;-11,0377;0,8333;0,5077;11,081
18,972799;-9,1898;0,2415;4,8923;10,414
18,983238;-8,3074;-0,2574;7,2961;11,059
18,993143;-6,7778;-0,8318;9,3636;11,589
19,003194;-4,6047;-1,4424;9,8790;10,995
19,016451;-2,8423;-1,8334;9,2593;9,858
19,023058;-1,7187;-2,4272;8,6591;9,156
19,051927;-0,9874;-3,1555;7,8298;8,499
19,054555;-0,0154;-3,9333;6,2462;7,381
19,056134;2,3548;-4,4992;3,8079;6,347
19,065273;5,8032;-5,3382;1,1767;7,972
19,073522;8,2093;-6,5793;-0,6891;10,543
19,083118;8,7751;-7,3344;-1,2595;11,506
19,093385;8,4571;-7,2270;-1,1555;11,184
19,103415;9,0154;-6,9449;-1,3745;11,463
19,116372;10,3092;-6,7933;-1,6300;12,453
19,123175;11,7210;-6,4831;-2,1230;13,562
19,147078;12,5231;-5,8825;-3,3302;14,231
19,149519;12,4276;-5,3833;-4,7031;14,337
19,157462;11,6514;-5,7001;-6,6672;14,584
19,165947;10,9598;-5,5889;-7,9076;14,625
19,173249;10,6421;-4,9151;-8,4842;14,470
19,183297;10,2311;-3,8398;-7,1830;13,077
19,193038;10,3651;-2,3580;-4,6237;11,592
19,203035;10,6954;-0,7506;-1,9566;10,899
19,214916;10,8378;0,3408;0,2648;10,846
19,223150;10,6766;0,9186;1,4671;10,816
19,245293;9,7414;1,3548;2,2764;10,095
19,247205;7,9155;2,1063;2,6861;8,620
19,255862;7,2931;2,8060;1,9523;8,054
19,263736;6,9368;2,7529;1,1046;7,544
19,273809;5,1098;1,8135;1,8685;5,735
19,283071;2,2107;0,8725;4,2353;4,857
19,293232;-0,9426;0,1128;7,7374;7,795
19,303111;-3,4933;-1,1710;11,6770;12,244
19,314850;-4,7553;-2,4535;13,4063;14,435
19,323160;-5,0568;-3,3185;10,2898;11,936
19,349886;-5,1113;-2,7321;4,0319;7,060
19,352970;-4,3600;-1,2963;-2,3439;5,117
19,354577;-2,9159;0,7379;-7,6012;8,175
19,363031;-2,4398;3,2329;-11,2369;11,945
19,373263;-5,3028;5,8380;-14,0308;16,095
19,386634;-8,0582;7,4657;-14,8155;18,444
19,393190;-11,1835;7,7329;-15,9240;20,939
19,403534;-15,0137;7,7630;-15,7454;23,100
19,415593;-16,6160;9,6401;-14,9915;24,367
19,423297;-15,2262;10,0560;-13,0704;22,445
19,447538;-13,3708;9,3915;-4,4662;16,939
19,450100;-11,7420;9,1695;3,2762;15,254
19,452658;-10,3708;7,6092;14,9208;19,700
19,463019;-8,4003;5,6322;22,3632;24,544
19,473176;-7,9988;4,2497;23,5743;25,254
19,483907;-8,1956;3,5593;19,5606;21,505
19,493155;-6,6030;3,2076;13,3423;15,228
19,502842;-4,7267;3,0889;8,4065;10,127
19,516537;-2,8100;2,5267;5,6923;6,832
19,523192;-0,6827;1,6580;4,5900;4,928
19,544389;1,3592;1,5488;4,5315;4,978
19,546607;3,0785;1,2237;5,1842;6,152
19,554083;3,3193;-0,1374;5,9250;6,793
19,566515;2,4518;-1,9024;6,1643;6,901
19,574915;1,9242;-2,9598;5,5380;6,568
19,583506;2,2030;-2,9918;3,5920;5,168
19,594701;1,9177;-2,9500;1,1768;3,710
19,603274;0,0728;-3,6429;-0,8260;3,736
19,613074;-2,5543;-5,1182;-1,5902;5,937
19,625921;-3,6819;-7,2768;-1,0160;8,218
19,633164;-1,7047;-9,4876;0,3297;9,645
19,661152;2,7613;-11,5303;1,8160;11,995
19,663905;8,1547;-12,7452;3,7569;15,590
19,665700;12,0357;-11,8407;4,2184;17,403
19,672900;13,9204;-10,3726;1,5786;17,432
19,683847;14,8883;-9,4971;-3,4121;17,986
19,693873;15,1983;-8,7690;-7,8842;19,237
19,703317;11,6846;-5,9433;-10,4905;16,790
19,713299;12,4997;-4,2657;-13,1325;18,625
19,726676;14,0950;-4,3970;-15,3434;21,294
19,733213;14,0284;-5,2052;-15,9497;21,870
19,760477;12,7427;-5,4606;-11,6551;18,112
19,762982;9,3752;-3,6001;-5,3190;11,364
19,764515;8,6539;-2,9110;-1,1975;9,209
19,773126;6,7235;-1,1292;4,7308;8,298
19,784972;6,5149;0,7975;8,3563;10,626
19,793971;6,3483;2,4071;9,6247;11,778
19,803157;6,4021;3,5000;9,2342;11,769
19,812943;5,6879;4,3768;6,3539;9,585
19,823262;3,3256;4,3534;3,0468;6,269
19,832917;0,9810;3,8015;0,8806;4,024
19,858993;-1,3920;3,4718;-0,5425;3,780
19,862003;-3,2933;3,6746;-2,5869;5,571
19,863870;-4,7359;3,6200;-5,7338;8,271
19,873095;-4,5706;2,9161;-6,6599;8,588
19,889563;-3,2436;1,4989;-5,3905;6,467
19,892948;-2,0255;-0,1843;-3,1286;3,732
19,904467;-2,1166;-1,1879;-0,4098;2,462
19,912920;-3,4020;-0,7388;1,8056;3,922
19,922735;-5,2043;0,4236;2,0175;5,598
19,932800;-8,9533;1,5612;-0,8683;9,130
19,956224;-12,3340;2,3891;-6,7516;14,263
19,958804;-14,2822;2,9649;-12,5924;19,270
19,962737;-14,9522;3,3168;-17,9507;23,597
19,972835;-13,9373;3,3754;-20,9365;25,377
19,982855;-12,1515;3,9194;-20,7438;24,358
19,993124;-12,7130;4,5313;-15,6594;20,673
20,004093;-13,3047;4,3389;-6,2390;15,322
20,014500;-11,9784;3,6156;3,9417;13,118
20,023082;-9,6023;2,6870;11,5132;15,231
20,032765;-5,2392;0,3820;17,2234;18,007
20,042872;1,1454;-0,4651;20,3484;20,386
20,056854;7,5418;0,4998;22,8970;24,112
20,062980;11,1478;1,3482;23,8342;26,347
20,072864;10,7045;2,0402;20,5760;23,284
20,082802;9,8385;2,9016;15,8659;18,893
20,093123;8,9019;3,4914;11,7728;15,167
20,102981;7,0539;2,7866;9,4997;12,156
20,114177;7,1126;1,7088;8,9034;11,523
20,123106;8,4364;-0,4938;9,7358;12,892
20,134479;8,9651;-2,4822;11,0195;14,421
20,143255;7,3479;-3,0910;10,6322;13,289
20,163605;4,6847;-2,4120;7,4790;9,149
20,166071;1,7694;-2,6718;3,7031;4,897
20,176383;-0,6277;-3,9149;0,5250;4,000
20,187786;-1,9014;-5,2811;-1,2952;5,760
20,196425;-2,1885;-7,3225;-2,9938;8,208
20,203020;-2,2784;-9,4269;-4,8105;10,826
20,224381;-1,9365;-11,1768;-6,6985;13,173
20,227401;-1,6664;-12,7329;-9,1916;15,792
20,233283;-1,8655;-14,4350;-12,7805;19,370
20,257160;-1,4540;-15,9372;-17,4711;23,693
20,260092;-0,8395;-16,6935;-21,4724;27,211
20,263241;-1,1679;-15,9395;-23,5703;28,478
20,273418;0,0152;-16,2005;-22,8954;28,047
20,285513;1,7568;-17,2665;-20,7915;27,083
20,294409;2,7279;-18,7573;-15,7622;24,652
20,303233;1,8833;-18,7858;-9,7456;21,247
20,322645;1,0954;-18,2629;-6,0271;19,263
20,326155;1,3500;-17,7560;-3,9770;18,246
20,333205;2,1140;-16,5616;-4,7281;17,353
20,353523;2,3650;-13,6081;-6,1489;15,119
20,356478;4,0127;-9,7119;-5,5602;11,889
20,363409;7,5966;-6,1097;-1,2706;9,831
20,373136;11,0300;-3,3316;5,0595;12,584
20,383024;14,0028;-0,6175;11,3266;18,021
20,393069;15,0265;2,2518;17,3821;23,087
20,403059;13,1118;3,7219;24,4868;28,025
20,422303;10,3369;4,1803;27,3878;29,571
20,425559;7,8736;5,7600;26,2451;28,000
20,433151;4,1597;7,7563;24,4607;25,996
20,452577;-0,0896;8,8341;22,3886;24,069
20,454602;-3,0926;9,6061;17,9936;20,630
20,462835;-5,8310;10,9121;11,8156;17,108
20,473035;-6,2697;12,0388;4,6546;14,349
20,482981;-5,2782;13,0566;-1,0470;14,122
20,493199;-5,4342;13,4496;-4,8180;15,285
20,502850;-6,9709;12,1060;-5,2973;14,940
20,517656;-9,9774;12,8907;-5,1176;17,085
20,548955;-14,5134;16,7996;-2,8625;22,384
20,551461;-14,5313;16,1403;-3,9326;22,071
20,553074;-12,3237;11,3579;-6,4632;17,962
20,554470;-14,3931;7,0370;-9,7613;18,761
20,563012;-18,8935;9,0012;-14,0081;25,184
20,573065;-24,4793;14,8751;-16,3135;32,964
20,582908;-21,1523;9,4299;-12,9938;26,555
20,593066;-15,1518;2,3714;-2,2019;15,494
20,602968;-10,4669;2,0599;17,8450;20,791
20,618783;-5,8026;-0,3015;38,0821;38,523
20,651078;5,1315;-4,7135;40,7097;41,302
20,653561;7,7213;-7,0341;34,6383;36,179
20,654803;11,0081;-9,6638;22,5648;26,902
20,656219;12,2661;-10,4072;16,1497;22,794
20,663058;13,0820;-10,2700;13,5174;21,432
20,673014;12,9356;-10,1667;9,7737;19,137
20,683037;12,5567;-10,9139;5,4509;17,507
20,692727;11,8996;-10,9020;0,7092;16,154
20,702878;11,3866;-10,9051;-1,8633;15,876
20,719413;10,0721;-9,4460;-2,8962;14,109
20,723421;8,5277;-8,2340;-2,8437;12,190
20,749697;6,8506;-7,3947;-2,2410;10,326
20,751750;4,9570;-6,2477;-1,9711;8,215
20,752989;3,1914;-5,6075;-1,4326;6,609
20,762846;2,1374;-5,1357;-1,9615;5,898
20,772975;1,8785;-4,6979;-3,0241;5,894
20,783187;2,0003;-5,8306;-4,6630;7,729
20,793085;1,6242;-7,1688;-5,9944;9,485
20,803084;0,7426;-7,8510;-5,9006;9,849
20,819511;0,2847;-8,4240;-5,9640;10,325
20,823305;-0,2319;-9,1603;-7,3664;11,757
20,853483;-1,2775;-9,8117;-9,9452;14,029
20,855259;-1,5106;-9,5777;-13,5434;16,656
20,856356;-0,3381;-8,8658;-16,4568;18,696
20,863298;2,7500;-8,8704;-17,7916;20,070
20,873056;7,9600;-9,7338;-19,3326;23,062
20,882964;10,5583;-10,1392;-19,8820;24,690
20,893035;11,4877;-10,2542;-18,9401;24,410
20,902985;9,5981;-10,7464;-17,5574;22,713
20,918334;7,2788;-11,5941;-15,6330;20,780
20,924269;5,5710;-12,4051;-12,6143;18,548
20,949770;6,3097;-12,3002;-7,7615;15,854
20,952311;9,8799;-12,3976;-3,3998;16,213
20,953892;13,8768;-12,6087;1,2859;18,794
20,962675;15,9807;-11,2971;8,0391;21,157
20,973078;17,1765;-10,2629;17,6860;26,705
20,982985;17,6859;-11,3723;26,0252;33,458
20,993051;18,5851;-12,3971;31,1765;38,354
21,003311;15,1373;-9,5404;32,6404;37,223
21,016176;7,4334;-3,9673;27,0261;28,309
21,052198;1,5970;-0,0247;18,2764;18,346
21,056556;-3,5039;3,0060;9,4572;10,524
21,057835;-8,5659;4,6766;1,6740;9,902
21,059079;-13,3035;5,5052;-5,0561;15,260
21,062859;-17,0366;4,9674;-10,1739;20,456
21,073068;-19,0449;2,8868;-13,8896;23,748
21,083366;-20,6870;0,9641;-15,3563;25,782
21,093234;-23,3603;1,1824;-15,9975;28,338
21,103104;-25,0000;2,2373;-15,0014;29,241
21,117629;-25,3785;4,2958;-14,8807;29,731
21,123151;-25,2860;6,4762;-15,6633;30,441
21,152509;-21,9523;7,3100;-14,6540;27,388
21,155613;-17,4113;8,9684;-12,8878;23,445
21,157827;-14,7754;11,8488;-8,3406;20,695
21,164246;-14,1978;13,6680;-1,2521;19,747
21,173236;-13,6281;11,7572;6,6393;19,184
21,183040;-10,5701;7,5414;17,6500;21,912
21,193029;-6,1519;5,4944;27,7512;28,951
21,203238;0,8774;5,7962;35,8983;36,374
21,217290;9,2042;3,2616;36,9105;38,180
21,223323;14,5830;0,7694;33,2075;36,277
21,253409;15,9443;0,0033;28,5857;32,732
21,255790;15,7553;-2,1276;23,3296;28,232
21,257447;15,5839;-5,7796;17,4898;24,128
21,263817;17,2566;-8,8446;13,9712;23,900
21,273410;19,9562;-10,3668;11,5093;25,262
21,282976;21,0270;-11,0972;7,1454;24,826
21,292959;18,0906;-10,6225;1,8463;21,060
21,303418;12,4739;-9,6598;-2,1492;15,923
21,317602;7,7538;-9,0765;-5,5230;13,153
21,323369;2,4961;-8,3747;-4,9597;10,048
21,356900;-0,7329;-7,6679;-4,7332;9,041
21,359368;-2,6521;-7,2041;-4,6345;8,967
21,361051;-3,8086;-6,7566;-3,8162;8,644
21,368099;-3,9109;-6,7963;-2,2300;8,152
21,377922;-3,6940;-7,4875;-1,8511;8,552
21,383219;-3,5413;-8,7675;-4,1482;10,326
21,393276;-4,5239;-10,1469;-8,6920;14,106
21,403245;-9,2785;-11,3472;-13,2582;19,764
21,413248;-8,0698;-10,3794;-16,4997;21,097
21,425458;-5,7855;-12,6538;-20,5205;24,793
21,463077;-3,2680;-13,6750;-24,5880;28,324
21,466109;-0,8035;-12,1902;-27,0591;29,689
21,468091;1,1760;-10,9544;-28,0729;30,157
21,470070;3,6836;-10,2347;-26,2990;28,460
21,473995;7,1151;-9,5803;-22,6413;25,594
21,483057;9,3132;-9,7614;-19,5659;23,766
21,493020;10,7279;-11,0144;-16,2067;22,340
21,503030;10,8349;-12,6638;-12,3013;20,714
21,513186;8,6500;-13,7125;-8,2449;18,189
21,528273;4,8576;-13,4026;-4,5917;14,977
21,533258;2,2124;-11,7551;-0,6133;11,977
21,561158;2,2646;-8,9077;13,1206;16,020
21,564089;9,9554;-8,0567;24,1613;27,346
21,567461;21,7852;-11,2015;31,7484;40,100
21,574477;26,5394;-9,8079;33,0735;43,525
21,591255;20,7940;-4,3547;27,8126;34,998
21,593870;15,8626;-2,4001;21,2442;26,621
21,602953;12,0997;-2,6810;12,6239;17,690
21,614032;8,6824;-1,4942;6,8901;11,184
21,646503;5,5693;1,6781;2,4696;6,319
21,648553;3,5193;2,7696;0,0691;4,479
21,650891;2,3825;2,3836;-1,4650;3,675
21,656540;1,3522;2,0055;-1,9913;3,133
21,665871;0,2800;2,1731;-0,9888;2,404
21,674959;-1,1480;2,0667;-0,5476;2,427
21,683620;-4,1695;1,7220;-1,6885;4,817
21,693184;-8,3159;2,1738;-2,7201;9,015
21,703288;-12,7345;2,8456;-4,7642;13,891
21,715167;-15,8535;2,7210;-6,5178;17,356
21,723081;-16,5640;2,5699;-7,1165;18,210
21,747938;-18,6734;2,4298;-7,8696;20,409
21,752092;-20,1747;3,0974;-9,4138;22,477
21,754082;-17,6569;3,8619;-8,8308;20,116
21,762715;-14,1838;4,0747;-6,9308;16,304
21,775938;-11,4538;3,9423;-3,7698;12,686
21,787383;-9,1774;4,3251;3,6407;10,779
21,794765;-7,0897;4,3314;6,3464;10,455
21,802718;-5,0852;4,2991;8,2768;10,623
21,812869;-4,4628;4,9489;8,2243;10,585
21,822812;-5,1856;5,5527;7,3811;10,593
21,850331;-6,7227;5,8344;6,4888;11,015
21,851849;-8,2214;5,6554;6,4739;11,895
21,852866;-8,5377;5,4338;7,2157;12,429
21,862647;-6,3152;5,6658;9,3981;12,661
21,872827;-3,2347;5,6370;10,5181;12,364
21,882923;-2,0330;5,6740;8,3015;10,259
21,894051;-4,8017;3,6954;4,2331;7,391
21,902848;0,1625;-2,2317;4,4780;5,006
21,913296;11,9979;-10,7372;6,7961;17,476
21,926853;27,4972;-17,0181;6,5408;32,992
21,933065;34,6939;-10,7791;7,9428;37,188
21,958079;35,1380;-4,6716;10,9588;37,103
21,960540;35,0421;-6,8261;11,8929;37,630
21,962909;27,3547;-9,2860;10,5455;30,752
21,972834;15,3944;-8,5074;9,4175;19,951
21,982935;4,9101;-5,8161;7,4958;10,683
21,993588;-0,2932;-5,1962;5,8308;7,816
22,004389;0,3613;-5,8522;1,2026;5,985
22,013312;2,5945;-5,4174;-1,4321;6,175
22,022690;3,2632;-4,6852;-6,4329;8,601
22,033086;2,6133;-2,6434;-9,7780;10,461
22,064926;0,7819;-1,4317;-12,2382;12,346
22,067344;-1,2489;-1,3720;-13,1331;13,263
22,069077;-3,5168;-2,0601;-12,0394;12,711
22,075224;-5,9322;-2,9546;-10,1594;12,130
22,085802;-8,7676;-4,4194;-7,8678;12,582
22,095066;-10,7714;-5,2659;-5,4850;13,185
22,104162;-11,1604;-5,6843;-4,5837;13,337
22,112901;-10,0533;-6,2330;-4,7723;12,755
22,122996;-7,7165;-6,5913;-5,7362;11,657
22,133161;-5,9715;-6,8545;-7,3780;11,708
22,164785;-5,1271;-7,1921;-9,2074;12,759
22,166903;-4,9445;-8,2753;-10,4927;14,249
22,168613;-4,5428;-9,3062;-10,8296;14,984
22,174280;-4,5830;-9,7033;-10,2761;14,858
22,183630;-4,5226;-9,9773;-9,0102;14,184
22,193282;-3,5049;-9,9455;-7,0335;12,676
22,203717;-0,8645;-9,3207;-3,9326;10,153
22,213075;3,6206;-9,5406;-2,1923;10,437
22,222970;9,5430;-12,1997;-4,5570;16,145
22,233740;14,4718;-14,6883;-9,5967;22,744
22,243037;10,1727;-10,8956;-11,7513;18,981
22,264330;4,6359;-11,6376;-7,0159;14,358
22,267088;2,4400;-19,7971;-1,4907;20,003
22,274352;-0,3778;-17,1198;14,1883;22,238
22,283077;2,4189;-9,5362;34,3288;35,711
22,293060;9,8032;-7,3678;43,2540;44,959
22,304242;15,6406;-7,8157;39,3516;43,061
22,314314;14,3985;-3,2969;29,3383;32,847
22,323235;9,4323;0,8029;13,5945;16,566
22,332803;5,8821;2,1480;0,5282;6,284
22,343044;1,3906;3,3696;-10,3509;10,974
22,369615;-2,2343;5,2322;-17,5999;18,497
22,372358;-2,4246;6,1285;-20,8540;21,871
22,374250;-2,8412;5,5473;-23,1163;23,942
22,382928;-1,1149;4,9287;-22,3505;22,915
22,393289;0,3165;4,8883;-18,2168;18,864
22,404109;-0,1334;3,9148;-12,3054;12,914
22,413821;-1,5731;2,8975;-5,4737;6,390
22,431894;-4,3810;3,3237;2,8900;6,212
22,434385;-4,6916;1,5743;3,1320;5,857
22,468487;-4,4287;0,4944;3,3898;5,599
22,470576;-5,9133;1,6120;0,1860;6,132
22,472030;-8,0900;2,5425;-3,2323;9,075
22,473444;-9,7050;3,1803;-6,5585;12,137
22,482817;-11,3259;3,9376;-8,1444;14,495
22,494623;-12,0418;4,4395;-7,4692;14,849
22,503774;-11,7632;4,6440;-5,9279;13,967
22,513175;-10,7072;4,2025;-4,5703;12,377
22,532103;-9,9368;3,4915;-3,4281;11,076
22,534699;-8,9890;3,9199;-1,3494;9,899
22,542895;-7,4651;3,8996;1,3256;8,526
22,568951;-5,9897;2,2119;3,5679;7,314
22,571072;-3,4498;-0,7829;5,4404;6,489
22,573126;-0,3813;-5,3860;6,4446;8,408
22,582856;2,3379;-6,4860;6,7337;9,637
22,592875;12,0351;-4,9826;11,6490;17,475
22,603120;32,6322;-6,0800;17,4587;37,505
22,618654;33,8700;-11,0378;19,0749;40,409
22,652657;32,9227;-12,8173;20,4249;40,809
22,655502;20,7572;-13,6077;21,2317;32,662
22,657616;11,4310;-15,1654;19,2719;27,057
22,659415;4,2026;-13,5638;14,9752;20,637
22,662956;2,2850;-10,4964;8,9376;13,974
22,673109;2,7994;-9,0482;2,7931;9,875
22,682813;5,1275;-7,9665;-3,6233;10,143
22,692971;3,8774;-7,2669;-8,0306;11,504
22,702885;3,3873;-6,1817;-12,2939;14,171
22,712807;4,3256;-5,0888;-13,7081;15,249
22,728803;4,2597;-3,6321;-13,3023;14,432
22,762928;4,4307;-2,9651;-11,4141;12,598
22,766157;4,0182;-2,8127;-9,3370;10,547
22,767995;2,9478;-2,9172;-7,3254;8,418
22,769817;1,4108;-2,9797;-5,5396;6,446
22,773328;-0,7203;-2,8315;-4,4501;5,323
22,782780;-3,0833;-2,8054;-4,2212;5,933
22,792802;-4,5329;-2,6510;-4,7190;7,060
22,802800;-5,1790;-2,4042;-5,7244;8,085
22,812976;-4,9774;-2,2069;-7,2175;9,041
22,830173;-4,5176;-2,1625;-8,8916;10,205
22,833479;-4,1470;-1,9547;-10,4914;11,449
22,843171;-3,7752;-1,5896;-11,7212;12,416
22,865738;-3,0975;-1,1982;-12,3181;12,758
22,868412;-2,2483;-0,9024;-12,3432;12,579
22,873283;-1,3120;-1,0004;-11,7022;11,818
22,882821;-0,2018;-1,2092;-10,5097;10,581
22,892937;0,6597;-1,4499;-8,4028;8,552
22,903033;0,9941;-1,5907;-6,5809;6,843
22,913327;0,0838;-2,0344;-4,5629;4,997
22,930303;-0,8667;-2,3322;-2,6643;3,645
22,934386;-1,2124;-2,1433;-1,1786;2,730
22,972155;-0,5630;-1,8836;0,2301;1,979
22,973938;1,3794;-1,9607;1,5828;2,873
22,975026;4,5407;-3,4479;1,2234;5,831
22,976225;8,4489;-6,7366;-1,9011;10,972
22,982732;9,2312;-6,2279;-6,0043;12,651
22,992970;11,0314;1,2929;-4,7838;12,093
23,002996;15,7950;1,1107;0,8188;15,855
23,013009;18,2196;-8,8008;5,3998;20,942
23,029408;15,4790;-14,6047;15,9747;26,610
23,032987;12,0438;-16,1443;27,6094;34,176
23,067320;7,0555;-14,2106;34,8552;38,296
23,070270;1,4214;-9,9033;35,3045;36,695
23,072012;-1,7475;-5,9404;29,1020;29,753
23,073690;-2,5679;-3,3443;20,6038;21,031
23,082907;-2,0510;-2,0001;13,1344;13,443
23,093155;-1,5033;-1,2712;6,4477;6,742
23,102868;-1,7617;-1,0457;1,2559;2,403
23,112958;-1,9306;-0,6534;-3,0182;3,642
23,127183;-1,3183;-0,2745;-6,1761;6,321
23,166926;-0,8466;0,6458;-8,0133;8,084
23,169311;0,4750;1,9080;-8,9656;9,179
23,170880;1,5785;2,0437;-9,5321;9,876
23,172460;2,2146;2,0184;-9,0854;9,567
23,173766;2,9031;1,3254;-8,4680;9,049
23,182933;2,7098;0,7972;-7,3973;7,918
23,192895;1,8167;0,4781;-6,2659;6,541
23,202819;0,7239;0,3867;-5,6771;5,736
23,212941;-0,4033;0,3733;-5,7625;5,789
23,224750;-1,8848;0,4203;-5,3419;5,680
23,257460;-2,7599;0,6692;-5,2503;5,969
23,259405;-3,2352;0,6854;-5,5826;6,489
23,260291;-3,6668;0,5095;-6,0169;7,065
23,262808;-5,2239;-0,1586;-6,1295;8,055
23,273251;-6,5206;0,1265;-4,7126;8,046
23,283537;-4,6959;1,0205;-3,3738;5,872
23,293535;-0,9657;0,0477;-3,8492;3,969
23,303286;1,1176;-1,6547;-4,7193;5,124
23,313243;1,9527;-2,8117;-5,7606;6,701
23,327800;1,1916;-3,0320;-7,1388;7,847
23,333067;-0,7020;-2,8962;-7,7055;8,262
23,362480;-3,0972;-2,3351;-7,5109;8,453
23,365269;-4,7255;-1,6479;-7,2145;8,780
23,367303;-4,2564;-1,6248;-6,6942;8,097
23,373173;-2,4763;-2,3262;-5,2412;6,246
23,383040;-0,5851;-3,8349;-3,0697;4,947
23,392783;-0,9188;-4,9691;-0,3320;5,064
23,402866;-4,4995;-2,9006;-1,1578;5,477
23,412897;-2,1117;-0,1951;-0,9745;2,334
23,426149;3,8814;-2,1934;5,8699;7,371
23,459874;8,8577;-6,3198;19,2065;22,075
23,462312;11,7362;-8,0716;28,4999;31,861
23,464008;11,1778;-8,2257;30,7602;33,746
23,465544;7,9491;-7,7146;25,8297;28,105
23,473359;4,5979;-7,1843;16,2696;18,370
23,482954;2,9562;-6,2036;7,7663;10,370
23,493501;1,6482;-5,4510;0,2589;5,701
23,503038;0,3118;-4,5858;-3,3871;5,710
23,513274;-2,0423;-4,4849;-6,3612;8,047
23,529315;-1,7938;-3,3158;-7,0972;8,036
23,534957;-0,7899;-2,5408;-7,1972;7,673
23,563043;0,3737;-2,2186;-7,1490;7,495
23,566510;1,5109;-2,0626;-7,0989;7,545
23,570122;2,4854;-2,0308;-6,8410;7,557
23,575585;3,5660;-1,4603;-1,3016;4,067
23,582859;3,5693;-0,9919;1,1970;3,893
23,593214;4,2412;-0,5972;3,1985;5,346
23,603117;4,0475;-0,4075;3,2487;5,206
23,613567;3,9479;-0,3117;1,8409;4,367
23,625042;3,8102;-0,1554;0,7742;3,891
23,671589;4,0453;-0,5082;0,7992;4,155
23,674263;3,2852;-2,0908;0,6709;3,951
23,675866;2,6184;-3,1580;0,8161;4,183
23,677234;1,4443;-3,7789;0,6072;4,091
23,678750;0,0260;-4,0673;1,0394;4,198
23,683383;-0,1105;-4,5954;0,7250;4,654
23,692962;-0,1170;-4,5323;-0,0842;4,535
23,703161;-0,3673;-4,1558;-0,9470;4,278
23,713460;-0,2212;-3,5725;-1,3415;3,822
23,724577;-0,2829;-2,7157;-1,6997;3,216
23,763995;-0,5880;-1,9367;-2,4390;3,169
23,766445;-0,2742;-1,6259;-2,3632;2,882
23,768384;0,3007;-1,3205;-1,3630;1,921
23,769924;1,0064;-1,5972;-0,7589;2,035
23,777037;1,8582;-2,0782;-0,3331;2,808
23,790369;2,4005;-2,3357;-0,1007;3,351
23,792942;2,3283;-1,9060;0,2032;3,016
23,802918;2,0994;-1,3385;0,2155;2,499
23,813104;1,7136;-1,2402;-0,0339;2,116
23,824630;1,3190;-1,2112;-0,2236;1,805
23,861494;1,3504;-0,9749;0,0156;1,666
23,863819;2,0023;-0,5039;0,8976;2,251
23,865090;2,9241;-0,1680;1,6977;3,385
23,866679;3,3186;-0,2771;2,5614;4,201
23,873180;3,0922;-0,4318;3,7547;4,883
23,884675;2,2865;-0,6202;5,4224;5,917
23,893315;1,8175;-1,2094;6,3555;6,720
23,902842;2,6244;-2,1646;5,6749;6,616
23,913046;4,3025;-3,0595;4,7982;7,134
23,923042;5,0472;-3,2243;3,7840;7,084
23,934371;4,7696;-2,5303;2,1306;5,804
23,971320;4,2544;-1,3717;1,1651;4,619
23,974082;3,3377;-0,2997;0,1898;3,357
23,975486;2,0331;0,3331;-0,5419;2,130
23,976852;0,8677;0,5023;-0,7984;1,282
23,983231;0,3445;0,1045;-1,0826;1,141
23,993257;0,1700;-0,8620;-1,2131;1,498
24,003007;0,2039;-1,2327;-1,1885;1,724
24,013084;1,1716;-0,7409;-0,7742;1,588
24,023143;1,6888;-0,8738;-0,4916;1,964
24,034710;2,9620;-0,5444;-0,3038;3,027
24,074277;3,8546;-0,2832;-0,6036;3,912
24,076701;4,1020;0,0939;-1,1409;4,259
24,078230;3,9267;0,5784;-1,4002;4,209
24,079564;3,3383;0,8311;-1,7731;3,870
24,085011;2,7279;0,7835;-2,1837;3,581
24,094320;2,1897;0,5463;-2,0261;3,033
24,103329;1,7867;0,3286;-1,7536;2,525
24,113326;1,5000;0,1962;-1,3767;2,045
24,123585;1,7405;0,0724;-1,3427;2,199
24,148513;1,9163;-0,7389;-7,3320;7,614
24,149477;0,6719;-0,3712;-10,2940;10,323
24,152894;0,3573;-0,6571;-6,2993;6,344
24,162608;0,7237;-0,7195;-1,1909;1,568
24,173083;1,0651;0,2275;2,3183;2,561
24,182541;0,2671;1,2428;3,2308;3,472
24,193240;-0,3519;1,1914;2,4753;2,770
24,202538;0,1024;0,9148;1,2482;1,551
